time,x_0,x_1,x_2,x_3,y_0,y_1,y_2,y_3,d_0,d_1,d_2,d_3,econ_rewards
0.0,0.0035,0.001,15.0,0.008,3.5,537.2602140856554,15.0,62.6439500530795,0.0,450.50000000000006,5.8,78.4,-8.806965790928917e-06
0.010416666666666666,0.0034996053909776893,0.000995764488581021,13.41846505192227,0.008216968909555611,3.499605390977689,532.0483351527166,13.41846505192227,70.86670476682063,0.0,443.20000134781,5.70000001005828,76.6,-7.91626248711864e-06
0.020833333333333332,0.0034992509874301365,0.0009701514897398564,11.90878425337809,0.007884176599304661,3.4992509874301367,515.6322121034266,11.90878425337809,74.65060458508938,0.0,445.60000147856704,5.5,78.4999999497086,-7.379970067860677e-05
0.03125,0.0034989301239062767,0.0009452360097163662,10.556018553022566,0.0072781402854586895,3.4989301239062764,500.005595020948,10.556018553022566,74.99989284033197,0.0,455.4,5.5,77.80000000000001,-0.0005587232216173857
0.041666666666666664,0.003498629553742708,0.0009470888593248996,10.000003737963409,0.0070273311576261625,3.498629553742708,500.0038594335743,10.000003737963409,74.99994130138255,0.0,448.70000006035,5.6,77.8999998893589,-0.0009396863051498117
0.052083333333333336,0.0034983345528611623,0.0009471215066683104,10.000014109355739,0.00702732734527528,3.4983345528611625,500.02111351016157,10.000014109355739,74.99985143951797,0.0,462.0999992053959,5.50000001005828,75.8999999698252,-0.0009512889530887042
0.0625,0.003498039576777341,0.0009471244543918377,10.000011638295154,0.007027314758984445,3.498039576777341,500.0226653607115,10.000011638295154,74.99972882715204,0.0,443.8,5.5,75.70000000000002,-0.0009527840384712425
0.07291666666666667,0.0034977446255906935,0.0009471242709264022,10.000011576651113,0.0070273146570331135,3.4977446255906934,500.0225683935404,10.000011576651113,74.99972803133998,0.0,444.400000985712,5.4,76.39999996982512,-0.0009741724762709695
0.08333333333333333,0.003497449699258484,0.0009471239097956787,10.000013107728076,0.007027323794087941,3.497449699258484,500.0223804428032,10.000013107728076,74.9998182881556,0.0,460.299997726828,5.6,75.4,-0.0009305603222674377
0.09375,0.003497154797791078,0.000947123863074596,10.000011966225987,0.007027317199449652,3.497154797791078,500.0223537611744,10.000011966225987,74.99975331844011,0.0,452.9000000000001,5.8,75.10000000000001,-0.0008914667514520286
0.10416666666666667,0.003496859921198419,0.0009471225755859398,10.000012187488872,0.007027318803713587,3.496859921198419,500.02167443816273,10.000012187488872,74.9997693910314,0.0,456.59999907463805,5.90000001005828,74.8999999195337,-0.0008709053199313382
0.11458333333333333,0.0034965650694618027,0.0009471230069265552,10.00001270580196,0.007027321345136735,3.496565069461803,500.02190307441936,10.00001270580196,74.99979405713835,0.0,455.9999989539389,6.00000001005828,73.7000000301748,-0.0008480782113748919
0.125,0.0034962702425959382,0.0009471228924958155,10.00001135329863,0.007027309796959502,3.4962702425959384,500.0218402737025,10.00001135329863,74.9996772206956,0.0,454.7999999999999,6.0,74.6,-0.0008506786299843982
0.13541666666666666,0.0034959754406013624,0.0009471220340606087,10.000011503446697,0.0070273128851541505,3.4959754406013626,500.0213873385811,10.000011503446697,74.99970946786729,0.0,440.100001538918,6.0,74.6999999396503,-0.0008527114333608686
0.14583333333333334,0.0034956806634537504,0.0009471216177599133,10.000012352759626,0.007027319962947604,3.4956806634537503,500.02116905758896,10.000012352759626,74.99978097947212,0.0,446.799999577552,6.10000001005828,74.40000002011658,-0.0008314722786980398
0.15625,0.003495385911154975,0.0009471208751714157,10.000012171329388,0.007027318631210192,3.4953859111549748,500.0207766967647,10.000012171329388,74.99976762658876,0.0,446.79999999999995,6.3,74.09999999999998,-0.0007914855601371758
0.16666666666666666,0.003495091183738638,0.0009471165302258759,10.000009571514981,0.007027195411232615,3.495091183738638,500.0184782453444,10.000009571514981,74.99846487526902,0.0,449.89999926574495,6.3,77.89999976865948,-0.0008048723783984083
0.17708333333333334,0.0034947964811961317,0.0009471115236486085,10.00000985272023,0.007027292931786294,3.494796481196132,500.0158355812729,10.00000985272023,74.99950434011679,0.0,440.700000804663,6.19999998994172,80.30000014081588,-0.0008374805493299147
0.1875,0.0034945018034976136,0.0009471085656765202,10.000010066390002,0.007027309936431367,3.4945018034976134,500.01427433374823,10.000010066390002,74.99968481085958,0.0,438.8999999999999,6.0,82.69999999999999,-0.0008898680604429034
0.19791666666666666,0.0034942071506306053,0.0009471063674381367,10.000011326551745,0.0070273239508935464,3.494207150630605,500.01311602624594,10.000011326551745,74.99982840680921,0.0,451.70000067390504,5.9,84.3000000301749,-0.0009174746397638325
0.20833333333333334,0.003493912522582886,0.000947105501573653,10.000012568317784,0.007027328550817511,3.4939125225828858,500.01266109660577,10.000012568317784,74.9998716123485,0.0,444.4000012874599,5.80000002011656,84.79999999999998,-0.0009404603285070492
0.21875,0.0034936179193736836,0.0009471038277344252,10.000011809084166,0.00702732727563689,3.4936179193736834,500.0117760731196,10.000011809084166,74.99986160262749,0.0,462.69999999999993,6.0,85.5,-0.0009094967283483024
0.22916666666666666,0.003493323340987557,0.0009471023485689633,10.000014180616452,0.00702733215214977,3.493323340987557,500.01099935382945,10.000014180616452,74.9999024034947,0.0,457.19999956749393,6.0,85.39999998994169,-0.0009096965094133701
0.23958333333333334,0.003493028787464859,0.0009471005707479443,10.00000961488957,0.0070273197258809515,3.493028787464859,500.0100527126139,10.00000961488957,74.99979143047047,0.0,439.500001961365,6.2,86.30000000000001,-0.0008948960627379347
0.25,0.003492734258806251,0.0009470972735036162,10.00001125520227,0.0070273296999322,3.492734258806251,500.00831486977273,10.00001125520227,74.9998901022991,0.0,449.9,6.3,87.3,-0.0008972298942039888
0.2604166666666667,0.003492439754923766,0.0009470951685659133,10.000015232678093,0.007027335411099774,3.492439754923766,500.00721061761595,10.000015232678093,74.99993219679328,0.0,449.8999994467941,6.4,87.5,-0.0008916876665497198
0.2708333333333333,0.0034921452758239747,0.0009470934606272398,10.000016223136079,0.007027336610460044,3.4921452758239746,500.0063106814835,10.000016223136079,74.99994030099712,0.0,454.1999987024819,6.60000001005828,87.40000008046631,-0.0008722100962454534
0.28125,0.0034918508214603536,0.0009470919916248318,10.000024173888898,0.007027341497136456,3.4918508214603534,500.005549179761,10.000024173888898,74.99995475738145,0.0,438.29999999999995,6.8,86.79999999999998,-0.0008492658411758515
0.2916666666666667,0.0034915563917590447,0.0009470906511523153,10.00003245224783,0.007027345766581205,3.491556391759045,500.00485611227793,10.00003245224783,74.99996107298726,0.0,447.399998461082,7.0,86.5,-0.0008319517712636307
0.3020833333333333,0.0034912619849766114,0.0009470899942345671,10.000204293326979,0.007027422820415467,3.4912619849766116,500.0048127486476,10.000204293326979,74.9999686776394,0.0,438.300000734255,7.0,85.90000006034971,-0.0008127475110349129
0.3125,0.003490967433067747,0.0009470412342642751,10.016064251290203,0.007034471725614323,3.490967433067747,500.0070755969639,10.016064251290203,74.99996797726826,0.0,445.59999999999997,7.1,87.5,-0.0009028245384409226
0.3229166666666667,0.003490670625525062,0.0009463734130946829,10.216209598805603,0.007123955544519218,3.4906706255250617,500.0076497623326,10.216209598805603,74.9999666466975,0.0,432.700000563264,7.00000001005828,86.49999993965031,-0.0008380241673879125
0.3333333333333333,0.0034903719691076612,0.000946403558430302,10.20531944677748,0.007119061506475088,3.4903719691076613,500.0043601801491,10.20531944677748,74.99996874811174,0.0,448.6999985113741,7.00000001005828,86.19999998994172,-0.0007643293726742163
0.34375,0.0034900751060422484,0.0009469175617501462,10.051163742354321,0.007050093743823314,3.4900751060422484,500.0037501686353,10.051163742354321,74.99996992389843,0.0,444.99999999999994,7.1,85.7,-0.0007799957940833171
0.3541666666666667,0.0034897802844771624,0.0009470779732068678,10.003933923001442,0.007029079882601011,3.4897802844771624,500.0050523271084,10.003933923001442,74.99996843547459,0.0,437.000000251457,7.00000001005828,86.2999999497086,-0.0008509206078093761
0.3645833333333333,0.0034894850395276607,0.0009467852549932364,10.089765618508412,0.0070673109073888215,3.489485039527661,500.00203156919554,10.089765618508412,74.99998824868985,0.0,433.29999987930097,7.0,85.30000008046622,-0.0007529714163277247
0.375,0.0034891899299696483,0.0009470918815744405,10.000066202249293,0.007027360977863375,3.4891899299696485,500.0055652965382,10.000066202249293,74.99996339669013,4.0,440.1,7.0,86.5,-0.0008143903550682055
0.3854166666666667,0.003490052626709223,0.0009467022974076867,10.11680934131444,0.007079391362801364,3.490052626709223,500.00595724637316,10.11680934131444,74.99996614582707,4.99999989941716,448.69999950714407,6.9,85.50000006034972,-0.000681632424057981
0.3958333333333333,0.00349120041008702,0.0009470903322780893,10.000011309256957,0.007027333259687842,3.49120041008702,500.0046504308895,10.000011309256957,74.99992783786179,6.0,440.10000006034994,6.80000001005828,87.20000010058281,-0.000790015170573057
0.40625,0.003492632490116902,0.0009470854655389496,10.000029035958423,0.007027346728351362,3.492632490116902,500.00211239883185,10.000029035958423,74.99998753532145,7.0,427.8,6.9,87.30000000000001,-0.0008113607014692956
0.4166666666666667,0.0034943453594726624,0.00094669964063656,10.115410871141922,0.0070787682271305444,3.4943453594726623,500.0020855676854,10.115410871141922,74.99998849630184,15.9999994970858,447.39999938644496,7.09999998994172,85.90000005029138,-0.000589505276772484
0.4270833333333333,0.0034985109453730843,0.0009468500310321845,10.072295871059259,0.007059513479644456,3.4985109453730843,500.0053987339452,10.072295871059259,74.99996855727323,9.0,427.2000007342549,7.1,86.1000000502914,-0.0007360480204888298
0.4375,0.0035007835083660536,0.0009465322880700668,10.16750514856026,0.007102089633022223,3.5007835083660535,500.00563508751446,10.16750514856026,74.99996781164167,10.0,447.3999999999999,7.1,85.8,-0.0006507298776600438
0.4479166666666667,0.0035033337810248116,0.0009467560256559567,10.100421307779257,0.007072067565083827,3.5033337810248115,500.0054052750568,10.100421307779257,74.99996777623252,20.9999998994172,447.39999895393794,7.29999997988343,85.60000009052457,-0.0005616694817686064
0.4583333333333333,0.003508816187925306,0.0009463776320201702,10.213958659176305,0.0071229436888341794,3.508816187925306,500.0059069286214,10.213958659176305,74.99996662655508,22.0000027157361,437.0000002514569,7.40000001005828,84.09999994970859,-0.0004219761369811542
0.46875,0.0035145635032469654,0.0009466543124930934,10.13034492826844,0.007085445693030755,3.5145635032469653,500.0045047664305,10.13034492826844,74.99996820823291,77.0,435.2,7.7,82.6,0.00029015788587302444
0.4791666666666667,0.0035323361618450635,0.000947090495383015,10.000168704897748,0.007027406827747677,3.5323361618450635,500.00501447959823,10.000168704897748,74.99996673243018,53.0000015087427,437.70000146851,7.99999998994172,81.60000004023308,1.2077512212112988e-05
0.4895833333333333,0.0035453805087892793,0.0009469114688958113,10.053882393608232,0.0070513047985357544,3.5453805087892794,500.0053328043123,10.053882393608232,74.9999677976911,74.0000023134048,435.200000251457,8.1,81.0999999698251,0.00030672809798162556
0.5,0.003562713228673024,0.0009470908032626821,10.000094053500746,0.007027374293798619,3.562713228673024,500.0050451966154,10.000094053500746,74.99997345981974,81.0,445.6000000000001,8.3,80.5,0.0003795197354780596
0.5104166666666666,0.0035814380982368927,0.0009469355875090298,10.046649311770103,0.0070480812764585204,3.5814380982368927,500.0052977929977,10.046649311770103,74.99995365149789,66.0000001005828,427.80000099576995,8.20000001005828,80.999999929592,0.00020185079787728068
0.5208333333333334,0.0035973624070674555,0.000946951754001359,10.04223005774152,0.007046114663355995,3.5973624070674557,500.0060314353936,10.04223005774152,74.99996904283094,86.9999998994172,425.400000181049,8.2,81.8000000100583,0.0003424058552175078
0.53125,0.0036173906922866463,0.000946518991480646,10.16982801429266,0.007103131299604442,3.617390692286646,500.0027105572452,10.16982801429266,74.99996922310889,34.0,430.90000000000003,8.3,81.79999999999998,-0.00023212837156256507
0.5416666666666666,0.003626352608255413,0.00095608729955903,10.216836605691409,0.00712423786657345,3.626352608255413,505.1410096617309,10.216836605691409,74.99997132633224,60.9999988935887,432.6999990142879,8.4,81.89999993965031,3.053837577688442e-05
0.5520833333333334,0.003641564423927159,0.0009915184057047663,10.323124900470015,0.007172161146809702,3.641564423927159,524.0572440355088,10.323124900470015,74.99997174353095,59.9999995976687,429.700001166761,8.6,80.00000004023309,0.00013339599139608162
0.5625,0.0036567365175068727,0.0010346727112257943,10.34169556510832,0.00718056456046246,3.656736517506873,546.9018511337121,10.34169556510832,74.9999885770456,87.0,431.49999999999994,8.6,79.79999999999998,0.0003484914262574339
0.5729166666666666,0.0036778112193345883,0.001119523157260639,10.459326630283451,0.007231727773322818,3.6778112193345884,591.9971923013892,10.459326630283451,74.97661308090649,99.9999974854289,426.00000073425497,8.70000001005828,79.4,0.00040016395351608167
0.5833333333333334,0.003702127299642486,0.0012627567470799366,10.692261722801847,0.00734078079835954,3.7021272996424863,668.2866927034474,10.692261722801847,74.9999930722699,200.000001206994,434.500000070408,9.00000001005828,78.69999998994169,0.0008420242462214691
0.59375,0.0037453475389182633,0.001397565367762088,11.505864380289468,0.007502874664655568,3.745347538918263,741.7513107311893,11.505864380289468,72.8469916052636,140.0,424.79999999999995,9.0,77.69999999999999,0.0006691283367653938
0.6041666666666666,0.0037798858618476043,0.0015096946525973251,11.854425549673845,0.007685793803905829,3.779885861847604,802.2445537115942,11.854425549673845,73.01886476338987,150.999999497086,431.50000024139894,9.1,78.0999999698251,0.000761373173006249
0.6145833333333334,0.0038176399086622547,0.0015939021825840051,12.221732035180347,0.007872540981451785,3.8176399086622546,848.0836162832098,12.221732035180347,73.10472817745593,142.000000402331,427.799999145046,9.1,78.19999992959201,0.0007587894644892111
0.625,0.003854354284898631,0.0016521091461835597,12.47826606345656,0.008059207557835457,3.854354284898631,879.8446058915118,12.47826606345656,73.65720816817503,133.0,427.79999999999995,9.1,77.3,0.0007483476440623905
0.6354166666666666,0.0038896766504184447,0.0016845201612793583,12.642548320210874,0.00823793129646301,3.8896766504184446,897.6213443536479,12.642548320210874,74.52897477495503,134.000000905246,426.000000181049,9.29999998994172,74.4999999798834,0.0007827218509302845
0.6458333333333334,0.003925618076510768,0.001672119218540108,12.806733815908807,0.008374532921647117,3.925618076510768,891.5251995270883,12.806733815908807,74.99981655063426,95.9999995976687,427.200000804663,9.3,73.50000001005829,0.0006009450257173784
0.65625,0.003952584664490929,0.0015504164929006396,12.671627443983427,0.008304890158763888,3.952584664490929,826.2462934543587,12.671627443983427,74.99975494617873,88.0,422.8999999999999,9.2,73.29999999999998,0.0005532410478966655
0.6666666666666666,0.0039774106436565,0.0014352089451645435,12.492183236915547,0.008213175293008022,3.9774106436565004,764.3698234996854,12.492183236915547,74.999726193685,90.0000009052456,420.50000031180696,9.1,73.4000000402331,0.0005606848989319879
0.6770833333333334,0.0040025706633197424,0.001338115797840807,12.341172883658835,0.008136673565646495,4.002570663319743,712.2827712545491,12.341172883658835,74.99968901575696,98.0000034198158,419.90000240392897,9.2,73.59999991953369,0.0006000510887985529
0.6875,0.004029497158713794,0.0012639571174539942,12.292037671045534,0.008111931954989859,4.029497158713794,672.6921034717467,12.292037671045534,74.99983068332173,160.0,429.1,9.4,71.0,0.0008928110429363597
0.6979166666666666,0.004069560378174668,0.0012393861825259144,12.67895495518973,0.008261467690282069,4.069560378174668,660.5092870706187,12.67895495518973,74.57381855484527,59.0000014081598,410.700001478568,9.20000001005828,72.69999996982511,0.0003852131891040783
0.7083333333333334,0.004086846371846253,0.0011567486299295406,12.326242860774874,0.00812915743145137,4.086846371846253,615.708321218698,12.326242860774874,74.99981196237559,37.9999995976687,425.3999999999999,9.10000001005828,73.80000001005831,0.00025423280835142964
0.71875,0.0040982549031808955,0.001069992626775616,11.866499730923804,0.007900216550448052,4.098254903180895,568.6130779542744,11.866499730923804,74.99959378697726,34.0,435.2,9.2,73.6,0.0002274470892190548
0.7291666666666666,0.004108461529917773,0.001007415972006532,11.498065082313738,0.0077208258638768465,4.108461529917773,534.6666860325688,11.498065082313738,74.99963853097474,13.9999997988343,429.7000002413989,9.2,72.80000009052459,7.784812604169218e-05
0.7395833333333334,0.004112661357183256,0.0009712558647993162,11.085285649213764,0.007523972590791598,4.112661357183256,514.7278920619606,11.085285649213764,74.99889812054974,0.999999899417183,421.100000865012,9.1,74.1,-3.6961950839220945e-05
0.75,0.004112632794858486,0.0009496718982087331,10.639206544716567,0.007316287853776984,4.112632794858486,502.49936537605356,10.639206544716567,74.9994994747947,0.0,422.29999999999995,8.4,76.0,-6.48231469871889e-05
0.7604166666666666,0.004112277316100792,0.0009467510401184002,10.099383530438775,0.007071601499577694,4.112277316100792,500.0009403706639,10.099383530438775,74.9999413081298,0.0,430.89999950714395,8.4,77.2999999597669,-0.00037910886011366965
0.7708333333333334,0.004111929425924464,0.0009470906730050585,10.000018118091893,0.007027337211198306,4.1119294259244645,500.00484233697375,10.000018118091893,74.99993772782626,0.0,431.500000925362,8.5,76.79999996982521,-0.000416277783937516
0.78125,0.004111582712165899,0.0009470852565975522,10.00000526082703,0.007027334675040716,4.111582712165899,500.0019601073496,10.00000526082703,74.99997162096315,0.0,431.4999999999999,8.5,77.00000000000001,-0.00042049720750471684
0.7916666666666666,0.004111236027794926,0.0009470851232740831,10.000004888941808,0.00702733440405056,4.111236027794926,500.0018890641758,10.000004888941808,74.99997049202307,0.0,430.89999907463795,8.4,77.6999999597669,-0.0004510791190960799
0.8020833333333334,0.004110889371815361,0.0009470925702755428,10.000072511725042,0.007027363158882378,4.110889371815361,500.0059400295622,10.000072511725042,74.99995675845705,0.0,432.09999969825196,8.4,75.3000000603497,-0.0004098491755124266
0.8125,0.004110542744945686,0.0009470970024979897,10.000019539749978,0.007027336414858652,4.110542744945686,500.0081864251922,10.000019539749978,74.99992248826699,0.0,434.5,8.5,72.9,-0.0003683363579060576
0.8229166666666666,0.004110196148024978,0.0009470996309790313,10.000010779811895,0.007027317417661761,4.110196148024977,500.00955863033477,10.000010779811895,74.99976127249695,0.0,428.40000025145696,8.20000001005828,73.69999995976691,-0.0004338796616245933
0.8333333333333334,0.004109849580390743,0.000947101591560353,10.0000139711395,0.007027329258980046,4.109849580390743,500.0105993305614,10.0000139711395,74.99987251905085,0.0,430.90000074431305,8.1,72.39999987930058,-0.00044463458238139513
0.84375,0.004109503042052962,0.0009470901193328929,10.000005023686285,0.007027332333932072,4.109503042052962,500.00452690963584,10.000005023686285,74.99994775959632,0.0,438.90000000000003,8.0,70.6,-0.0004546873125893309
0.8541666666666666,0.0041091565329707995,0.0009471072315135768,10.000010488426065,0.0070273008135471006,4.1091565329707995,500.01357072416573,10.000010488426065,74.99958544494073,0.0,430.90000086501203,7.80000002011657,71.79999979883429,-0.0005009215721797304
0.8645833333333334,0.0041088100531207735,0.0009470910008117229,10.000004188257021,0.007027328736365967,4.108810053120774,500.00499080023707,10.000004188257021,74.99991332523527,0.0,417.500000854954,7.69999998994172,71.5000000603497,-0.0005218602619607992
0.875,0.004108463602552929,0.0009470916459401936,10.000004647901827,0.007027330970209286,4.108463602552929,500.0053321995131,10.000004647901827,74.99993498683837,0.0,428.3999999999999,7.6,70.6,-0.0005362970774637671
0.8854166666666666,0.004108117181195098,0.0009470922656190576,10.000004406544747,0.007027329420200003,4.108117181195098,500.00565892510775,10.000004406544747,74.999919588553,0.0,431.500000925362,7.60000001005828,70.10000001005831,-0.000534049355697104
0.8958333333333334,0.004107770789046024,0.0009470929126453048,10.000004723310314,0.007027330626817924,4.107770789046024,500.0060010739866,10.000004723310314,74.9999309644212,0.0,429.700001418218,7.69999998994172,67.99999994970861,-0.0005079233604432835
0.90625,0.00410742442600954,0.0009471151395315148,10.000012072986909,0.0070273157731579146,4.1074244260095405,500.01774846280415,10.000012072986909,74.99973759001006,0.0,442.59999999999997,7.6,67.50000000000001,-0.0005248647823462032
0.9166666666666666,0.004107078092190854,0.0009470945354832254,10.00000416221135,0.007027325041000877,4.107078092190854,500.00685684038586,10.00000416221135,74.99987400954932,0.0,434.4999998793009,7.39999998994172,66.8000000301749,-0.000564600792516438
0.9270833333333334,0.004106731787582472,0.0009471189167578836,10.000010938147815,0.007027295947346943,4.106731787582472,500.0197405988134,10.000010938147815,74.99953137765544,0.0,437.000000070408,7.09999998994172,67.90000005029138,-0.0006270374698852894
0.9375,0.004106385512095775,0.000947119412154593,10.00001091636809,0.00702729856200861,4.106385512095775,500.0200020989296,10.00001091636809,74.99955938616259,0.0,433.2999999999999,6.8,68.89999999999999,-0.0006898714339655345
0.9479166666666666,0.004106039265888451,0.0009470957425590039,10.000004339062068,0.007027327912296113,4.106039265888451,500.0074944134237,10.000004339062068,74.99990381524604,0.0,443.80000036209793,6.6,68.5000000905246,-0.000727593971310016
0.9583333333333334,0.0041056930488604215,0.0009471223651681449,10.00001177567007,0.007027312942555663,4.105693048860421,500.02156262344386,10.00001177567007,74.99970878979413,0.0,445.599999698252,6.49999998994172,68.20000004023312,-0.0007465979090833416
0.96875,0.004105346861032085,0.0009470969224692986,10.000004243191674,0.007027326500569352,4.105346861032086,500.0081171631887,10.000004243191674,74.99988920299499,0.0,436.40000000000003,6.4,67.5,-0.00076616565658129
0.9791666666666666,0.004105000702393619,0.0009471243918094188,10.000011326251077,0.00702730640992878,4.105000702393619,500.0226317700484,10.000011326251077,74.99964120050718,0.0,440.70000043250593,6.30000001005828,68.49999989941719,-0.0007877297608480942
0.9895833333333334,0.004104654572863322,0.000947123848452813,10.000011114495315,0.007027304141660168,4.104654572863322,500.02234453769006,10.000011114495315,74.99961799617957,0.0,438.900000181049,6.09999998994172,69.6000000603497,-0.0008301943613552616
1.0,0.0041043084725138805,0.0009471230690948981,10.000011671251967,0.007027313507805961,4.104308472513881,500.0219340684903,10.000011671251967,74.99971531756427,0.0,458.3999999999999,6.0,70.6,-0.0008501107467629096
1.0104166666666667,0.004103962401439108,0.0009470958216453856,10.00000373514102,0.007027316582978622,4.103962401439108,500.00753509965256,10.00000373514102,74.999785765284,0.0,438.900000492856,6.00000001005828,73.0999997384846,-0.000859198589869887
1.0208333333333333,0.004103616359547475,0.0009471183993771024,10.000010942144206,0.007027310080496996,4.103616359547475,500.01946746107404,10.000010942144206,74.99968219619001,0.0,435.199998702482,5.79999997988344,74.6000001307576,-0.0009038643687481454
1.03125,0.004103270346774763,0.0009471161993663367,10.000008956375547,0.007026740628771704,4.103270346774764,500.018302485853,10.000008956375547,74.99361407907121,0.0,426.59999999999997,5.2,80.09999999999998,-0.0010410320456137444
1.0416666666666667,0.004102924363165348,0.0009471119120290512,10.000011795479493,0.007027323749354054,4.102924363165347,500.0160440526611,10.000011795479493,74.99982403252115,0.0,440.099999134988,5.3,80.99999997988341,-0.0010245681610407415
1.0520833333333333,0.0041025784086608655,0.000947111322095798,10.000014632077765,0.007027330687048823,4.102578408660865,500.0157376138416,10.000014632077765,74.99988462653384,0.0,449.899998642132,5.6,78.8999999798834,-0.0009563694843490154
1.0625,0.004102232483312741,0.000947112930522518,10.000013123841654,0.007027327108951821,4.102232483312742,500.01658409948004,10.000013123841654,74.99985358997327,0.0,446.8000000000001,5.8,77.6,-0.0009129005471606837
1.0729166666666667,0.004101886587155605,0.0009471131810647125,10.000012685552239,0.007027325392442601,4.101886587155605,500.0167155961613,10.000012685552239,74.99983734842786,0.0,442.59999962784303,5.90000001005828,76.70000010058278,-0.0008905628955117643
1.0833333333333333,0.004101540720175981,0.0009471140203517308,10.000012135314474,0.007027323023011745,4.101540720175981,500.01715771571514,10.000012135314474,74.99981466929252,0.0,435.20000049285596,6.0,76.29999997988338,-0.0008707130302098393
1.09375,0.004101194882360851,0.0009471126980742354,10.000012542260366,0.007027324501289486,4.101194882360851,500.01646035425955,10.000012542260366,74.9998285168995,0.0,446.19999999999993,6.0,76.1,-0.0008682975376917396
1.1041666666666667,0.0041008490736966245,0.0009471132658965416,10.000012952510925,0.007027325439733124,4.100849073696624,500.016760853503,10.000012952510925,74.9998365874035,0.0,447.399998772889,6.1,74.90000003017491,-0.0008442162154879507
1.1145833333333333,0.00410050329419504,0.0009471144751229415,10.000012213318405,0.0070273219671687405,4.10050329419504,500.0173979443109,10.000012213318405,74.99980303085982,0.0,439.499999497086,6.2,74.1999999899417,-0.0008232927023288566
1.125,0.00410015754395295,0.0009470939389793337,10.000004527588064,0.007027330597172548,4.10015754395295,500.0065425687357,10.000004527588064,74.99993157601133,0.0,446.79999999999995,6.3,73.69999999999999,-0.0008010147133348931
1.1354166666666667,0.004099811822855522,0.0009471156817207375,10.000012417950588,0.007027322049221314,4.099811822855521,500.01803531408797,10.000012417950588,74.99980293634745,0.0,432.6999996379021,6.4,72.2999999899417,-0.0007787307884971064
1.1458333333333333,0.00409946613081573,0.0009471177261509171,10.000012565119565,0.007027322033609284,4.09946613081573,500.01911490565794,10.000012565119565,74.99980207195118,0.0,442.599999436736,6.39999998994172,71.50000004023309,-0.0007750412216591812
1.15625,0.004099120467941433,0.0009471161470228134,10.000011046492688,0.00702730872641564,4.099120467941433,500.0182785427011,10.000011046492688,74.99966724987019,0.0,430.90000000000003,6.2,72.3,-0.0008183299206043831
1.1666666666666667,0.004098774834315164,0.000947094998062946,10.000004217999017,0.007027328283681494,4.098774834315164,500.00710115214724,10.000004217999017,74.99990835289553,0.0,434.5000003822149,6.10000001005828,72.79999995976686,-0.0008390725783902046
1.1770833333333333,0.0040984292299099,0.0009470950488322179,10.000004343913323,0.007027329255902787,4.0984292299099,500.0071281775058,10.000004343913323,74.99991813202963,0.0,447.400000191107,6.00000001005828,73.0999999899417,-0.0008579787114741915
1.1875,0.0040980836546437895,0.0009470949599962975,10.000004375414152,0.0070273294063909015,4.09808365464379,500.0070813333059,10.000004375414152,74.99991958877428,0.0,441.3,6.2,72.60000000000001,-0.0008179184353220893
1.1979166666666667,0.004097738108422057,0.0009471180194070034,10.00001195824195,0.007027318825039124,4.097738108422057,500.01926865489446,10.00001195824195,74.99977070556297,0.0,450.499998772889,6.19999998994172,72.79999993965029,-0.000817239855375289
1.2083333333333333,0.004097392591342656,0.0009470950695026257,10.000004356425093,0.007027329151447544,4.097392591342656,500.0071391122864,10.000004356425093,74.99991695789758,0.0,443.799998823181,6.10000001005828,72.09999996982509,-0.000835873629057368
1.21875,0.004097047103389471,0.000947120560885505,10.000012074100626,0.00702731877390454,4.097047103389471,500.0206106016988,10.000012074100626,74.9997696105011,0.0,443.79999999999995,6.0,71.5,-0.0008539874691467168
1.2291666666666667,0.004096701644477744,0.0009471217363785275,10.00001210430885,0.007027318451958588,4.096701644477744,500.0212312420772,10.00001210430885,74.99976603127358,0.0,448.69999956749393,6.0,71.1,-0.0008523425476275736
1.2395833333333333,0.004096356214790824,0.0009470963814754569,10.00000430646367,0.007027328205114708,4.0963562147908235,500.0078316639055,10.00000430646367,74.9999070949433,0.0,455.3999988935891,5.90000001005828,71.09999990947549,-0.0008714333721880794
1.25,0.004096010814231734,0.0009471235330025312,10.000011484430804,0.007027312360599341,4.096010814231734,500.0221786528866,10.000011484430804,74.99970395966321,0.0,437.7000000000001,5.8,70.80000000000001,-0.0008925102575589319
1.2604166666666667,0.004095665442711526,0.0009471242658007835,10.000011632948821,0.007027314220389972,4.095665442711526,500.0225657869511,10.000011632948821,74.9997231042966,0.0,445.599999507144,5.60000002011657,71.2999999899417,-0.0009323787119297802
1.2708333333333333,0.0040953201003083054,0.0009471248487783819,10.000011849251031,0.007027316249445928,4.095320100308306,500.0228739447529,10.000011849251031,74.99974373404463,0.0,443.80000128745996,5.59999998994172,71.09999996982509,-0.0009321050280530738
1.28125,0.0040949747870204405,0.0009471256447599999,10.000011935455305,0.007027316721895863,4.0949747870204405,500.0232943256543,10.000011935455305,74.99974836759255,0.0,433.9,5.6,70.3,-0.0009313517576259207
1.2916666666666667,0.004094629502848398,0.0009471255827140059,10.00001190716175,0.007027316276600266,4.094629502848398,500.02326151927315,10.00001190716175,74.99974374927896,0.0,443.1999991249289,5.7,70.5999999195337,-0.0009112065072665414
1.3020833333333333,0.004094284247793915,0.0009471249345529298,10.000011646815034,0.0070273139736212594,4.094284247793915,500.02291887087887,10.000011646815034,74.99972040488845,0.0,440.700000432506,5.70000001005828,70.7999999396503,-0.0009119403885240606
1.3125,0.004093939021849638,0.000947125511867208,10.000012000247073,0.007027317037101087,4.093939021849638,500.0232242809627,10.000012000247073,74.99975142445389,0.0,441.3,5.6,70.2,-0.0009303183232943518
1.3229166666666667,0.00409359382500777,0.0009471267103398027,10.000012211340513,0.007027318035290987,4.09359382500777,500.02385737255406,10.000012211340513,74.99976107687543,0.0,441.29999864213187,5.69999998994172,69.30000001005828,-0.0009085428289472458
1.3333333333333333,0.00409324865727896,0.0009471271370678043,10.000011494811803,0.007027310904480809,4.09324865727896,500.0240813929939,10.000011494811803,74.99968836987092,0.0,438.899998883531,5.60000001005828,69.69999997988339,-0.0009294771701401846
1.34375,0.00409290351865401,0.0009471270283380671,10.00001219356744,0.007027317656060784,4.092903518654009,500.02402522442696,10.00001219356744,74.99975711377057,0.0,448.6999999999999,5.7,69.3,-0.0009077494373484759
1.3541666666666667,0.004092558409127037,0.0009471277230632503,10.000011843705334,0.007027314213610015,4.0925584091270375,500.02439137817964,10.000011843705334,74.99972203267376,4.00000120699413,443.80000079460495,5.70000001005828,68.79999998994168,-0.0008522973124830398
1.3645833333333333,0.004093550789567779,0.000947126599197001,10.00001031563276,0.007027277468135438,4.093550789567779,500.0237953483918,10.00001031563276,74.99933710791444,4.00000040233127,443.1999986421319,5.39999998994172,72.3000000804662,-0.000919556263741133
1.375,0.004094543376446039,0.000947124729961066,10.000010379337366,0.0070272943889036574,4.0945433764460395,500.0228086208542,10.000010379337366,74.9995173945001,9.0,433.9,5.1,75.1,-0.0009193111222876447
1.3854166666666667,0.004097159318424387,0.0009471233852037734,10.000010979183793,0.00702731224157553,4.097159318424387,500.02209973212774,10.000010979183793,74.99970508490433,6.00000010058284,446.199998762831,4.70000001005828,77.50000001005829,-0.0010432928499415173
1.3958333333333333,0.004098808747199441,0.0009471227411296288,10.00001086050132,0.0070273131711189735,4.098808747199441,500.0217594915493,10.00001086050132,74.99971556826232,12.0,430.90000135786806,4.69999998994172,79.00000004023312,-0.0009694972480886809
1.40625,0.004102376543641207,0.0009471208240008141,10.000011979031218,0.007027322723082912,4.102376543641207,500.02074934229364,10.000011979031218,74.99981220926084,7.0,446.79999999999995,4.7,79.8,-0.0010372363349104158
1.4166666666666667,0.004104352970594161,0.0009471223466055879,10.000012753617659,0.007027325441495081,4.104352970594161,500.0215545505527,10.000012753617659,74.9998375492253,30.9999990947544,446.199999637902,4.7,78.99999996982508,-0.0007231195111127282
1.4270833333333333,0.004113540306723724,0.0009475391460797579,10.000014588582573,0.007027328941544335,4.113540306723724,500.2416019310967,10.000014588582573,74.99986620368867,53.9999983906749,454.19999925568686,5.2,75.89999994970857,-0.0003548509241951997
1.4375,0.004128772367503377,0.0009717348593357975,10.000004095555301,0.007027326958568911,4.128772367503377,513.0154112191615,10.000004095555301,74.99989479103624,59.0,436.99999999999994,5.3,76.4,-0.00029499537388208235
1.4479166666666667,0.0041453655992668495,0.0010153350661027984,10.000005028498704,0.007027331999607817,4.145365599266849,536.0336033784343,10.000005028498704,74.99994416866808,58.9999996982515,447.400000251457,5.40000001005828,73.9999999798834,-0.00027156413771745844
1.4583333333333333,0.004162150432083134,0.0010664134332412781,10.000004128328706,0.007027327203139393,4.162150432083134,562.9997944307369,10.000004128328706,74.9998972458513,59.9999991953375,433.90000204183093,5.40000001005828,74.3000000100583,-0.0002578159667214896
1.46875,0.004179371489103163,0.0011127168702518646,10.000012879275035,0.007027323244294324,4.179371489103163,587.4451399852484,10.000012879275035,74.99981350359727,85.0,452.30000000000007,5.6,73.69999999999999,6.501161523609012e-05
1.4791666666666667,0.004202783760350065,0.001174825725083705,10.000011859995533,0.0070273180815584296,4.202783760350065,620.2347411965418,10.000011859995533,74.99976323650758,60.9999990947544,440.1000006135549,5.79999997988343,73.2000000100583,-0.0001908521856634115
1.4895833333333333,0.004220708326619119,0.0012569414431948152,10.000013395644142,0.007027326262827275,4.220708326619119,663.5867246537433,10.000013395644142,74.99984327092079,45.0000005029141,436.400000432506,6.10000001005828,69.70000004023309,-0.00033799934336743574
1.5,0.0042345021469751025,0.0013615984991458478,10.000010974747768,0.007027312860657679,4.234502146975102,718.8391197603826,10.000010974747768,74.99971171315417,46.0,446.2,6.2,69.6,-0.0003221539277035104
1.5104166666666667,0.004248742023105466,0.0014841754470977869,10.000011513304763,0.007027318439844191,4.248742023105466,783.5521078058264,10.000011513304763,74.99976870411987,79.9999985918402,439.50000116676097,6.4,68.1000000603497,0.0001311630554654458
1.5208333333333333,0.004272543494665788,0.0016185015551638752,10.00001027070364,0.007027303264356203,4.272543494665788,854.4679147941124,10.00001027070364,74.99961263374026,90.0000012069938,443.20000030174793,6.30000002011656,69.6999998692423,0.0002374734118023939
1.53125,0.004299368245811217,0.0017405175274251047,10.00001272811271,0.007027325710129594,4.299368245811217,918.884748972787,10.00001272811271,74.99984053718134,112.0,440.69999999999993,6.5,68.29999999999998,0.0005762835116240681
1.5416666666666667,0.00433222845373759,0.001825603540695942,10.000004202288332,0.007027330318767134,4.3322284537375895,963.8048306165363,10.000004202288332,74.99993014705294,80.0000006034971,446.200000311807,6.6,68.7999999195337,0.00023117551743475107
1.5520833333333333,0.004357038057703252,0.0018795791224573688,10.000011427887655,0.007027323521643814,4.357038057703251,992.3005973619123,10.000011427887655,74.99982334513172,84.9999969825155,427.800000191107,6.6,68.900000070408,0.0003184882473009035
1.5625,0.004383427145648997,0.001899584592543608,10.000002843877525,0.0070273293771074994,4.383427145648997,1002.8622079561412,10.000002843877525,74.99992653776202,110.0,438.30000000000007,6.7,69.60000000000001,0.0006653700453801255
1.5729166666666667,0.004416679953453165,0.0018878280285212483,10.004841599587113,0.007029482127241503,4.4166799534531656,996.6725071484245,10.004841599587113,74.99995680645753,204.999994970858,446.80000006035,6.89999998994172,69.5999999195337,0.0011925498908603321
1.5833333333333333,0.004472665359277014,0.0019314822356140023,10.60963133368557,0.007198633850528572,4.4726653592770145,1021.8976166913055,10.60963133368557,73.93080932108012,226.999994970859,446.1999985214329,6.99999998994172,68.80000006034969,0.0013550526275999378
1.59375,0.004535019353391714,0.0019458963553329693,11.250629303073175,0.007393890334958287,4.535019353391714,1031.849396636146,11.250629303073175,72.94321223944155,180.0,444.4,7.0,69.2,0.0011700708556057777
1.6041666666666667,0.0045881493611277715,0.0019380992926810786,11.526726982159348,0.0075982160382607085,4.588149361127772,1028.7125636591657,11.526726982159348,73.67666016019871,147.000005029142,435.200000432506,7.2,67.90000004023311,0.001013144963736463
1.6145833333333333,0.0046336126441115615,0.0019087305567684855,11.604523941800617,0.007772306066996859,4.633612644111562,1013.400969781268,11.604523941800617,74.9997436745171,107.00000251457,449.2999995071439,7.2,68.99999992959201,0.0007714262251978585
1.625,0.004668228996433227,0.0017676594805780186,11.367201918424152,0.007657989998196394,4.668228996433227,937.7200298914349,11.367201918424152,74.99989986193172,60.0,427.19999999999993,7.1,68.5,0.0004539448258435783
1.6354166666666667,0.004688599031578432,0.0015953918664539878,10.861635279053393,0.007419283336106699,4.688599031578431,844.8304583540379,10.861635279053393,74.99988939796265,59.9999995976686,438.900000432506,6.9,69.59999996982512,0.00044937240651390486
1.6458333333333333,0.004708764341159132,0.0014543972729172908,10.41306919130672,0.007212914846583889,4.7087643411591324,768.9511960700621,10.41306919130672,74.99977628873165,67.9999978877608,440.1000001206991,6.9,68.9999999899417,0.0004977816360310355
1.65625,0.004731102252773195,0.0013511592306025483,10.109188922550116,0.007075965396118451,4.731102252773195,713.6028841798689,10.109188922550116,74.99975927247571,74.0,443.80000000000007,7.0,68.8,0.00045463550170718567
1.6666666666666667,0.004754965018390613,0.001281850547929812,10.000007207347467,0.007027324992745347,4.754965018390613,676.7371643374748,10.000007207347467,74.99985905655811,126.999994970858,436.40000197142393,7.09999997988343,69.6000000100583,0.00082530440851871
1.6770833333333333,0.004791999846736372,0.0012426525360327318,10.186604529403136,0.007110634460782119,4.791999846736372,656.4753938753678,10.186604529403136,74.99972580238254,71.9999995976687,446.199998823181,6.90000001005828,69.2000000100583,0.00046926341730193014
1.6875,0.004815261909386511,0.0011804399259466981,10.000012393119977,0.007027322116638991,4.8152619093865106,623.1986904219065,10.000012393119977,74.99980377359927,43.0,451.69999999999993,7.0,69.6,-4.1652007039360563e-05
1.6979166666666667,0.00482992440114018,0.0011430364745156107,10.000012881271513,0.007027322766560328,4.829924401140181,603.4520008965209,10.000012881271513,74.99980839546723,58.0000002011657,434.5000012975191,6.9,67.900000070408,0.00013856492351408046
1.7083333333333333,0.004849084713201691,0.0011067414107968087,10.000012528704952,0.007027319319017275,4.849084713201691,584.2904691836704,10.000012528704952,74.9997732728479,60.9999976865952,443.199998762831,6.89999998994172,67.80000004023309,0.00017639420892707417
1.71875,0.0048690788418514425,0.0010748882843460105,10.000010610692604,0.007027295492941529,4.869078841851443,567.4740003395231,10.000010610692604,74.9995280805318,20.0,446.2,6.4,70.40000000000002,-0.00048222218734071383
1.7291666666666667,0.004876127996389486,0.0010517881452826352,10.000011564686888,0.007027317133234485,4.876127996389486,555.2785689606159,10.000011564686888,74.99975451557631,20.9999998994172,443.2000009756539,6.3,70.69999995976688,-0.0004889922692882817
1.7395833333333333,0.004883526871430836,0.0010302498640800746,10.00001207824653,0.007027320500152596,4.883526871430837,543.9077002356975,10.00001207824653,74.99978801440082,1.99999979883437,454.7999999999999,6.0,69.79999993965029,-0.0008250661096705183
1.75,0.0048839028428067435,0.0010169482511501677,10.000011317177375,0.007027314557635604,4.8839028428067435,536.8852764168703,10.000011317177375,74.99972820075689,0.0,457.19999999999993,5.9,70.60000000000001,-0.0008774436132514577
1.7604166666666667,0.004883491037029728,0.001005376882972819,10.000011237169696,0.007027314766183278,4.883491037029728,530.776315269722,10.000011237169696,74.99973080584479,0.0,469.399998340383,5.79999998994172,71.9000000100583,-0.0009008418850249781
1.7708333333333333,0.004883079265967189,0.000996547866064407,10.000011893561345,0.007027320295852707,4.883079265967188,526.1151459955104,10.000011893561345,74.99978670964106,0.0,449.899999507144,5.89999998994172,71.100000070408,-0.0008787265959366459
1.78125,0.004882667529622049,0.0009853196032009268,10.000011464000929,0.007027317314092657,4.882667529622049,520.1873224124191,10.000011464000929,74.99975692318759,0.0,457.20000000000005,5.8,71.80000000000001,-0.0009005587750221392
1.7916666666666667,0.00488225582799102,0.0009762305494415911,10.000012075269302,0.007027321188227972,4.8822558279910195,515.3888697817431,10.000012075269302,74.99979537207079,0.0,454.80000109635296,5.6,70.7000000603497,-0.0009376406973556226
1.8020833333333333,0.004881844161080449,0.0009681904397136269,10.000011083036982,0.007027313251480368,4.8818441610804495,511.1441912920201,10.000011083036982,74.99971537081582,0.0,440.10000190101505,5.49999998994172,71.6000000603497,-0.0009598267173461556
1.8125,0.004881432528880069,0.0009583920779673365,10.000012090071795,0.007027321536634255,4.881432528880069,505.97126895867274,10.000012090071795,74.99979902028866,0.0,452.9,5.6,71.49999999999999,-0.0009396524646924708
1.8229166666666667,0.004881020931398051,0.0009513357750562681,10.00001047211315,0.007027306362072835,4.8810209313980515,502.2459780567121,10.00001047211315,74.99964473949274,0.0,443.20000134781,5.4,73.89999985918402,-0.0009894170947026043
1.8333333333333333,0.004880609368617933,0.0009471165207470052,10.000012229887739,0.00702732343952706,4.880609368617933,500.0184779355484,10.000012229887739,74.99981866619204,0.0,464.499998833239,5.3,74.10000002011661,-0.0010099391661945697
1.84375,0.004880197840527625,0.0009471167634663885,10.000011450217963,0.007027319144921814,4.880197840527625,500.0186046994214,10.000011450217963,74.99977652824693,0.0,459.0,5.2,74.6,-0.0010319110013610946
1.8541666666666667,0.004879786347140528,0.0009471166818426854,10.000011937248733,0.007027322221693972,4.879786347140528,500.01856246724935,10.000011937248733,74.99980705624088,0.0,452.299999507144,5.3,74.19999996982511,-0.0010119083232832855
1.8645833333333333,0.00487937488844114,0.0009471170051446799,10.000012092445095,0.007027322768235172,4.87937488844114,500.01873342461045,10.000012092445095,74.9998121534213,0.0,457.7999996379019,5.2,73.900000070408,-0.0010299167803218445
1.875,0.004878963464442014,0.0009471170783100238,10.000011507412607,0.007027319521203164,4.878963464442014,500.0187710182333,10.000011507412607,74.99978027296976,0.0,460.29999999999995,5.2,74.69999999999999,-0.0010320254710446584
1.8854166666666667,0.004878552075133637,0.0009471168032625616,10.000012062533616,0.0070273227804319065,4.878552075133637,500.01862679061674,10.000012062533616,74.99981242541213,0.0,452.3000011064109,5.30000001005828,73.99999996982511,-0.0010112617375103562
1.8958333333333333,0.0048781407205005,0.0009471176662951967,10.000012404876228,0.007027323826026697,4.8781407205005,500.0190830225928,10.000012404876228,74.99982196147172,0.0,457.19999993965,5.2,72.9999999798834,-0.0010273665675888438
1.90625,0.004877729400557896,0.000947118927139097,10.000011709403083,0.007027319913182725,4.877729400557896,500.01974744142063,10.000011709403083,74.99978349871009,0.0,450.4999999999999,5.2,72.9,-0.0010279415026332834
1.9166666666666667,0.004877318115293917,0.0009471193886022063,10.000012595539168,0.007027323944186307,4.877318115293917,500.01999263001795,10.000012595539168,74.99982231854776,0.0,455.399999879301,5.30000001005828,71.5000000905246,-0.0010037399043739015
1.9270833333333333,0.0048769068647144505,0.0009471197024779812,10.000011402451166,0.007027316745126202,4.87690686471445,500.0201562299622,10.000011402451166,74.99975114266232,0.0,451.69999920539595,5.29999998994172,72.20000003017479,-0.001006030629963636
1.9375,0.0048764956489343305,0.000947095122836013,10.000004156292073,0.007027328780469945,4.8764956489343305,500.00716691557943,10.000004156292073,74.99991394749594,0.0,452.29999999999995,5.2,72.9,-0.0010277192946120614
1.9479166666666667,0.004876084467825175,0.0009471185161036097,10.000011098493701,0.00702731570340464,4.876084467825175,500.01952936149286,10.000011098493701,74.9997414659418,0.0,444.40000006035,5.1,74.09999992959199,-0.0010519184826222989
1.9583333333333333,0.0048756733212869455,0.0009471177139251704,10.000011355658126,0.007027318972632022,4.875673321286945,500.0191063154187,10.000011355658126,74.99977513780495,0.0,451.69999826997594,4.90000001005828,75.4000001005828,-0.001094199006361538
1.96875,0.004875262209417432,0.0009471166083034041,10.000011029780914,0.0070273176748571605,4.875262209417432,500.0185220405833,10.000011029780914,74.99976283225844,0.0,438.30000000000007,5.0,76.6,-0.0010805229429107727
1.9791666666666667,0.0048748511322010985,0.0009471155409966214,10.000012106489406,0.007027324403750214,4.874851132201099,500.0179604705147,10.000012106489406,74.99982954203223,0.0,438.90000165961703,5.0,76.4000000603497,-0.0010797246955511416
1.9895833333333333,0.004874440089608479,0.0009471162368028219,10.000013674316012,0.007027328396280041,4.87444008960848,500.0183305814561,10.000013674316012,74.99986471913537,0.0,455.39999962784395,5.2,74.30000001005828,-0.0010313729558052377
