time,y_0,y_1,y_2,y_3,u_0,u_1,u_2,d_0,d_1,d_2,d_3
0.0,3.5,537.2602140856554,15.0,62.6439500530795,0.0,0.0,0.0,0.0,450.50000000000006,5.8,78.4
0.010416666666666666,3.499604774844171,534.3690782329991,13.461467235306955,71.34245282935834,5.284039431303739e-06,5.004182390572353e-06,5.956886611883279e-05,0.0,450.50000000000006,5.8,78.4
0.020833333333333332,3.4992465502782744,531.9068341167136,12.163505182041042,78.6765884872596,1.4618664311196918e-05,1.3616101370928714e-05,0.00021105322429604297,0.0,443.20000134781,5.70000001005828,76.59999999999998
0.03125,3.498917054698264,529.7850909057175,11.04916092338418,84.77303850123899,1.461880620036613e-05,1.3197716755495734e-05,0.00032091554308116214,0.0,445.60000147856704,5.5,78.4999999497086
0.041666666666666664,3.498608738115169,528.2490803461948,10.24322217668651,88.90062131491953,5.283921886965048e-06,4.719661325441839e-06,4.452243092245645,0.0,455.4,5.5,77.80000000000001
0.052083333333333336,3.4983113149956417,527.7491518801663,10.000000955432574,89.6764133086937,1.4618946826813709e-05,7.338687645877497e-06,19.451885904398438,0.0,448.70000006035,5.6,77.8999998893589
0.0625,3.49801634107827,527.7237358264537,10.000004353210697,89.07090437623621,5.2838982631222706e-06,4.880647654620171e-06,27.450158037360524,0.0,462.0999992053959,5.50000001005828,75.8999999698252
0.07291666666666667,3.497721391918577,527.6686908311657,10.000011999228821,88.54178761267526,1.4619023135509464e-05,1.3466880707029513e-05,27.45038362848373,0.0,443.8,5.5,75.70000000000002
0.08333333333333333,3.497426467552932,527.6149932293513,10.000011999005302,88.07996399753969,1.4619061728705975e-05,1.3173950003670908e-05,28.060151361565932,0.0,444.400000985712,5.4,76.39999996982512
0.09375,3.497131568055015,527.5874510105875,10.00001199907771,87.6766247527733,1.4619100716117748e-05,1.3773675118083491e-05,26.84015137616672,0.0,460.299997726828,5.6,75.4
0.10416666666666667,3.4968366934227273,527.547007225612,10.000011999145315,87.32516510349384,1.4619140673146763e-05,1.4429633325786009e-05,25.620151376816715,0.0,452.9000000000001,5.8,75.10000000000001
0.11458333333333333,3.4965418436539726,527.5125354879642,10.0000119990876,87.01855409145458,1.461918113715348e-05,1.4781889197580374e-05,25.010151312966304,0.0,456.59999907463805,5.90000001005828,74.8999999195337
0.125,3.4962470187466557,527.4768327619561,10.00001199915553,86.74991626878592,1.4619222989050661e-05,1.515158818208708e-05,24.40015131798599,0.0,455.9999989539389,6.00000001005828,73.7000000301748
0.13541666666666666,3.495952218698679,527.4391767030223,10.000011999152612,86.51636561679273,1.4619266309984888e-05,1.5151525430128186e-05,24.400151376848005,0.0,454.7999999999999,6.0,74.6
0.14583333333333334,3.4956574435079473,527.3770002870052,10.000011999108104,86.3125026995474,1.462564021084135e-05,1.5149832636590393e-05,24.400151366578317,0.0,440.100001538918,6.0,74.6999999396503
0.15625,3.495362693172366,527.3258497074023,10.000011999010654,86.13466913598198,1.4635558697060156e-05,1.5537247425029667e-05,23.790151297781467,0.0,446.799999577552,6.10000001005828,74.40000002011658
0.16666666666666666,3.4950679677703156,527.2733042907556,10.000004353026046,85.98024821962385,5.294718337641874e-06,5.936476957781388e-06,22.569822631543026,0.0,446.79999999999995,6.3,74.09999999999998
0.17708333333333334,3.494773267294918,527.2260255846267,10.000004353028821,85.84995116821955,5.301646538706664e-06,5.935347936504444e-06,22.57005488300908,0.0,449.89999926574495,6.3,77.89999976865948
0.1875,3.4944785916683565,527.1637425022094,10.000004353001584,85.73842715014527,5.336306976803675e-06,5.7724670139216564e-06,23.180054910503586,0.0,440.700000804663,6.19999998994172,80.30000014081588
0.19791666666666666,3.494183940888535,527.0990838050614,10.000004353023058,85.6426192620822,5.347977632987204e-06,5.481702870676589e-06,24.40005483971061,0.0,438.8999999999999,6.0,82.69999999999999
0.20833333333333334,3.4938893148729093,527.0571425097129,10.000011999110955,85.56010798330254,1.4838468562738467e-05,1.4753008546283187e-05,25.010383483317792,0.0,451.70000067390504,5.9,84.3000000301749
0.21875,3.4935947136241663,527.0033336360458,10.000011998823062,85.48801363325974,1.5006363568156619e-05,1.4376618773883783e-05,25.620150954107245,0.0,444.4000012874599,5.80000002011656,84.79999999999998
0.22916666666666666,3.493300137215906,526.9796809578138,10.00001199906799,85.42718758284242,1.5195742144582914e-05,1.5087109444012543e-05,24.40015105147296,0.0,462.69999999999993,6.0,85.5
0.23958333333333334,3.493005585646034,526.9470948861112,10.00001199875676,85.37393755966411,1.714861914941947e-05,1.487927419653374e-05,24.40014996024733,0.0,457.19999956749393,6.0,85.39999998994169
0.25,3.4927110589124584,526.8845813638558,10.000011998816165,85.32984864350851,1.8463538947882033e-05,1.5408700967795285e-05,23.180148728273707,0.0,439.500001961365,6.2,86.30000000000001
0.2604166666666667,3.492416557013082,526.8396021965963,10.000011998727185,85.29323455955036,2.13441943008774e-05,1.5637776847963497e-05,22.570147828883915,0.0,449.9,6.3,87.3
0.2708333333333333,3.4921220799458133,526.7949745670369,10.000011998574232,85.26218983141803,2.6128169832432224e-05,1.5758445436963868e-05,21.960146369121187,0.0,449.8999994467941,6.4,87.5
0.28125,3.491827627708556,526.789013760986,10.00001199873223,85.23635146502029,0.00030212398833938256,1.5535247254829817e-05,20.74014127354523,0.0,454.1999987024819,6.60000001005828,87.40000008046631
0.2916666666666667,3.4915332003796093,526.7577780641664,10.000004352843346,85.21451195001544,0.00031599332309965145,5.7123937518986465e-06,19.519817879290834,0.0,438.29999999999995,6.8,86.79999999999998
0.3020833333333333,3.491238797952105,526.7455023889428,10.000004352840355,85.1964350017467,0.00035301705404482624,6.140803002770301e-06,18.30005031717741,0.0,447.399998461082,7.0,86.5
0.3125,3.4909444202679283,526.8044295424635,10.000011998328551,85.17981035261226,0.001100112219102488,1.660753608376532e-05,18.30036970285107,0.0,438.300000734255,7.0,85.90000006034971
0.3229166666666667,3.490650067329762,526.8949264923606,10.00001199841334,85.16808538983788,0.0012711103397589512,1.7341290054154623e-05,17.690138066931365,0.0,445.59999999999997,7.1,87.5
0.3333333333333333,3.4903557392111426,526.990365626026,10.000011998146162,85.15584597157613,0.001498332531853029,1.6393128094109904e-05,18.30013656087943,0.0,432.700000563264,7.00000001005828,86.49999993965031
0.34375,3.4900614359903344,527.0187214488639,10.000004352600994,85.14483838641577,0.0006888657352972229,6.147682370266357e-06,18.29981803767158,0.0,448.6999985113741,7.00000001005828,86.19999998994172
0.3541666666666667,3.4897671575801232,527.2627094974179,10.000011997674129,85.13518479420216,0.002608377724103062,1.7289004569207155e-05,17.690370093259887,0.0,444.99999999999994,7.1,85.7
0.3645833333333333,3.489472903907586,527.6322152046147,10.000011997279096,85.12684533415303,0.00380872615089675,1.6509176387261348e-05,18.30013700081524,0.0,437.000000251457,7.00000001005828,86.2999999497086
0.375,3.4891786750757356,536.8683402548381,10.000011998041597,85.11828571396943,0.08044011108918442,1.620826911112775e-05,18.300135917351476,1.00582817075261e-07,433.29999987930097,7.0,85.3000000804662
0.3854166666666667,3.490043955744562,559.6306020596128,10.00001199977254,85.11233812772679,0.1996548456594874,1.5886246796916972e-05,17.500134731213148,4.0,440.1,7.0,86.5
0.3958333333333333,3.491196173006093,596.1853910884728,10.000004353571548,85.10523976820383,0.31955001437075126,5.3719284850641255e-06,17.90981579594591,4.99999989941716,448.69999950714407,6.9,85.50000006034972
0.40625,3.4926353559527223,646.4485146259655,10.000012001608994,85.10038029422725,0.439165700162568,1.3167456267161564e-05,18.320359823000363,6.0,440.10000006034994,6.80000001005828,87.20000010058281
0.4166666666666667,3.494362082601414,710.4200169298848,10.000004358110276,85.09708387451838,0.5590304265851926,4.327719187500991e-06,17.509811709797106,7.0,427.8,6.9,87.30000000000001
0.4270833333333333,3.498608521365489,787.5843116917647,10.000004358351935,85.09382813711404,0.6787428129960019,4.157699787180276e-06,14.490042309204227,15.9999994970858,447.39999938644496,7.09999998994172,85.90000005029138
0.4375,3.500914742833525,878.8587094628975,10.00001200427436,85.09120168005224,0.7980269193241801,9.894154860653401e-06,15.890342495106673,9.0,427.2000007342549,7.1,86.1000000502914
0.4479166666666667,3.503511579726613,964.1100487948717,10.000004359959314,85.08863130626114,0.7476074615255207,3.271066496238501e-06,15.689806626779008,10.0,447.3999999999999,7.1,85.8
0.4583333333333333,3.509198153141845,1045.6399109710346,10.00001203343313,85.0874876604918,0.7230003535090697,8.367285369208422e-06,12.270335781917739,20.9999998994172,447.39999895393794,7.29999997988343,85.60000009052457
0.46875,3.5151843901581774,1114.6272326162882,10.000006269959352,85.08534961843219,0.6166047515369504,7.69268413094469e-06,11.459888370547874,22.0000027157361,437.0000002514569,7.40000001005828,84.0999999497086
0.4791666666666667,3.5354060153158984,1166.615037564266,10.037576276333159,84.89533956401156,0.49854820270423506,7.877818589069934e-06,0.0004769361257685232,77.0,435.2,7.7,82.6
0.4895833333333333,3.549792860327424,1205.7945827639046,10.000001057769325,85.10706686131866,0.37939853377607924,7.527623450025637e-06,0.45862940310420364,53.0000015087427,437.70000146851,7.99999998994172,81.60000004023308
0.5,3.5695963419187127,1230.3078121952997,10.088004757373103,84.66337428297705,0.2597649927743559,9.686298218327482e-06,8.034083650200026e-05,74.0000023134048,435.200000251457,8.1,81.0999999698251
0.5104166666666666,3.591282742881899,1240.726527709218,10.233117897080536,83.99746422236403,0.13986735698240757,3.57012537747928e-06,2.9146323145073263e-05,81.0,445.6000000000001,8.3,80.5
0.5208333333333334,3.609326834459181,1237.564848519588,10.254996082606914,84.02978509972237,0.020258813259732812,9.826660912950284e-06,8.043791089105374e-05,66.0000001005828,427.80000099576995,8.20000001005828,80.999999929592
0.53125,3.6327467516155942,1231.2940700231125,10.388358721244558,83.51168050964138,0.00023059383780726635,1.011718891926169e-05,8.051186009461123e-05,86.9999998994172,425.400000181049,8.2,81.8000000100583
0.5416666666666666,3.642355908102311,1227.020672869253,10.225542541157767,84.52188898779998,0.00017726388786458251,1.0397669421024785e-05,8.196668853722499e-05,34.0,430.90000000000003,8.3,81.79999999999998
0.5520833333333334,3.6593085196620923,1221.8483391705738,10.25471895228334,84.45323565577591,0.00015837627504971288,1.0584191309950299e-05,8.260909549885342e-05,60.9999988935887,432.6999990142879,8.4,81.8999999396503
0.5625,3.6760674500646213,1216.8203385347124,10.30697956475923,84.27868268415433,0.00013476530218800982,1.0791975323016602e-05,8.329371990975748e-05,59.9999995976687,429.700001166761,8.6,80.00000004023309
0.5729166666666666,3.6998545516853687,1210.7293701767708,10.49854178867117,83.44452566785725,0.00010985274984521533,1.1157804094628565e-05,8.400288979264846e-05,87.0,431.49999999999994,8.6,79.79999999999998
0.5833333333333334,3.727041064641879,1204.0595949821811,10.746070963918456,82.46258496607808,8.54651441378963e-05,1.1629178022061875e-05,8.466772541444998e-05,99.9999974854289,426.00000073425497,8.70000001005828,79.39999999999998
0.59375,3.776969522541459,1194.3354494913258,11.550675007798153,79.03957111580011,2.0240363732151436e-05,4.804767803855949e-06,3.073711713991292e-05,200.000001206994,434.500000070408,9.00000001005828,78.69999998994169
0.6041666666666666,3.814627056007719,1185.5412857566937,11.89174334215739,78.30416655825096,3.7967997493051344e-05,1.5235098808315261e-05,8.474789226649868e-05,140.0,424.79999999999995,9.0,77.69999999999999
0.6145833333333334,3.855295547040692,1176.113521523481,12.25280981842552,77.60665574077143,1.1806876464226213e-05,6.368211263715212e-06,3.088873120235663e-05,150.999999497086,431.50000024139894,9.1,78.0999999698251
0.625,3.894291549522913,1166.6206550910376,12.504147215032052,77.51496796855034,9.99447518208145e-06,7.330687603726852e-06,3.110609251257433e-05,142.000000402331,427.799999145046,9.1,78.19999992959201
0.6354166666666666,3.9314699592518054,1157.1903742855602,12.664105709990398,77.85073278349036,8.78027868847474e-06,8.471822521758729e-06,3.1425248411322475e-05,133.0,427.79999999999995,9.1,77.3
0.6458333333333334,3.9692227104606475,1147.6732616803058,12.836243277046913,78.08992304587132,7.86464076288519e-06,9.93114074740836e-06,3.18442216187902e-05,134.000000905246,426.000000181049,9.29999998994172,74.4999999798834
0.65625,3.9974192750148725,1139.501420565309,12.771239363260534,79.36175944465062,7.266925792257522e-06,1.1317309454836563e-05,3.2431957537375564e-05,95.9999995976687,427.200000804663,9.3,73.5000000100583
0.6666666666666666,4.023580538853677,1131.6282273156564,12.656518816941492,80.69076757963761,6.914365829564653e-06,1.216383946193922e-05,3.324996675923883e-05,88.0,422.8999999999999,9.2,73.29999999999998
0.6770833333333334,4.050412587892021,1123.662027769896,12.555225971868037,81.78029705055351,6.606651646371899e-06,1.2985888855347871e-05,3.4294181812861574e-05,90.0000009052456,420.50000031180696,9.1,73.4000000402331
0.6875,4.079561581873199,1115.462158124853,12.531459758414647,82.35900005743443,6.29077244081441e-06,1.4282143163559248e-05,3.561361138325716e-05,98.0000034198158,419.90000240392897,9.2,73.59999991953369
0.6979166666666666,4.124793758730457,1104.9114944353191,12.885060688391262,81.09494607602493,5.783652923908906e-06,1.7822081521115115e-05,3.716212635813508e-05,160.0,429.1,9.4,71.0
0.7083333333333334,4.14321771237682,1098.248961661645,12.592297486392622,83.03881486953095,5.423471463277549e-06,1.9782359035952723e-05,3.928969524329857e-05,59.0000014081598,410.700001478568,9.20000001005828,72.69999996982511
0.71875,4.155259813670466,1092.8358491877007,12.21662753006231,85.13879891863898,5.352996996188331e-06,1.901302982148386e-05,4.2527477899711674e-05,37.9999995976687,425.3999999999999,9.10000001005828,73.80000001005831
0.7291666666666666,4.166066434136405,1087.969794771646,11.898573125268246,86.69349829623594,5.313830804703196e-06,1.8957921812571887e-05,4.7242166656722134e-05,34.0,435.2,9.2,73.6
0.7395833333333334,4.17040740203178,1084.4314167927214,11.524047811906364,88.33831330943197,5.292922707061037e-06,1.829721711433062e-05,5.453384407053679e-05,13.9999997988343,429.7000002413989,9.2,72.80000009052459
0.75,4.170366302039515,1081.832227437244,11.124153337817424,89.91540570548374,5.289662877062837e-06,1.724969981660831e-05,6.700277242798504e-05,0.999999899417183,421.100000865012,9.1,74.1
0.7604166666666666,4.169992285677437,1079.109485466169,10.66858957685385,91.59847963518202,5.2896449541869465e-06,1.2785836841622877e-05,9.237820446849769e-05,0.0,422.29999999999995,8.4,76.0
0.7708333333333334,4.169628944578066,1076.692693017342,10.289212880927312,92.67433781023968,5.289646392312734e-06,1.2776891895746139e-05,0.0001693931956298044,0.0,430.89999950714395,8.4,77.29999995976688
0.78125,4.169273926757487,1074.6187760030487,10.000011990329373,93.12748778961637,1.4587812582230223e-05,3.7121681800043085e-05,0.36529623075533435,0.0,431.500000925362,8.5,76.79999996982521
0.7916666666666666,4.168922377754684,1073.6437673642413,10.000011992794038,91.94927165198683,1.4598295934406397e-05,4.0430305579080524e-05,9.150151464177831,0.0,431.4999999999999,8.5,77.00000000000001
0.8020833333333334,4.168570858394104,1072.6699758715356,10.000011993378779,90.9439396557035,1.4598330436510216e-05,3.7902147411928825e-05,9.760151407991478,0.0,430.89999907463795,8.4,77.69999995976688
0.8125,4.16821936867328,1071.6997825642336,10.000011993217,90.08254424172294,1.4598412635469933e-05,3.790217326715895e-05,9.760151384381485,0.0,432.09999969825196,8.4,75.3000000603497
0.8229166666666666,4.167867908589713,1070.7345685284808,10.000011993674514,89.34462873705154,1.4598431484595583e-05,4.0429704479129446e-05,9.150151407415745,0.0,434.5,8.5,72.9
0.8333333333333334,4.167516478140906,1069.7625059724292,10.000011993356939,88.71397438158027,1.4598469394473985e-05,3.3689112126054266e-05,10.980151315114249,0.0,428.40000025145696,8.20000001005828,73.69999995976691
0.84375,4.167165077324368,1068.7967019764624,10.00001199339617,88.17327691318567,1.4598498665067165e-05,3.191535161545856e-05,11.590151385928905,0.0,430.90000074431305,8.1,72.39999987930058
0.8541666666666666,4.166813706137592,1067.846270514715,10.000011993500365,87.70871017041931,1.4598525254574364e-05,3.031899859681535e-05,12.200151387002784,0.0,438.90000000000003,8.0,70.6
0.8645833333333334,4.166462364578083,1066.8849878679223,10.000011993389151,87.3125576105244,1.459854880993857e-05,2.7561723510872337e-05,13.420151254181482,0.0,430.90000086501203,7.80000002011657,71.79999979883429
0.875,4.166111052643344,1065.903405390154,10.000011993449084,86.97340198835066,1.4598569712545448e-05,2.6362929105720826e-05,14.030151442434331,0.0,417.500000854954,7.69999998994172,71.5000000603497
0.8854166666666666,4.165759770330875,1064.9419835699914,10.000011993402431,86.68211646515107,1.4598589625978848e-05,2.526401389126831e-05,14.640151376115545,0.0,428.3999999999999,7.6,70.6
0.8958333333333334,4.1654085176381805,1063.9873019653178,10.000011993310036,86.43281450256275,1.4598608374275055e-05,2.5263992976002078e-05,14.640151312741903,0.0,431.500000925362,7.60000001005828,70.10000001005831
0.90625,4.16505729456276,1063.0307861458489,10.000011993468522,86.21782059438297,1.4598626873939942e-05,2.636287789276575e-05,14.030151445394699,0.0,429.700001418218,7.69999998994172,67.99999994970861
0.9166666666666666,4.164706101102117,1062.097722447307,10.000011993451997,86.03306691053928,1.4598649305015125e-05,2.5263976259586032e-05,14.640151377216574,0.0,442.59999999999997,7.6,67.50000000000001
0.9270833333333334,4.164354937253753,1061.1534895811535,10.0000119934899,85.87332180435102,1.4598669502973692e-05,2.3319810862975402e-05,15.860151437801964,0.0,434.4999998793009,7.39999998994172,66.8000000301749
0.9375,4.164003803015174,1060.2160780806446,10.00001199348011,85.73670153878943,1.459868687040085e-05,2.0906365339279367e-05,17.69015143232322,0.0,437.000000070408,7.09999998994172,67.90000005029138
0.9479166666666666,4.163652698383883,1059.2750805173473,10.000011993436198,85.61966743641058,1.4598699851264328e-05,1.8945443524698643e-05,19.52015136571089,0.0,433.2999999999999,6.8,68.89999999999999
0.9583333333333334,4.163301623357383,1058.3538199972625,10.000011993403703,85.51816501431074,1.4598709310401516e-05,1.7830413691124346e-05,20.740151363245836,0.0,443.80000036209793,6.6,68.5000000905246
0.96875,4.16295057802899,1057.437772434082,10.000004350928405,85.43071063576127,5.289299707659964e-06,6.277207855489542e-06,21.34982279349531,0.0,445.599999698252,6.49999998994172,68.20000004023312
0.9791666666666666,4.162599562390515,1056.5082021933777,10.000004350916829,85.35462524158127,5.28930128373756e-06,6.102572657045234e-06,21.960054880622717,0.0,436.40000000000003,6.4,67.5
0.9895833333333334,4.1622485763493104,1055.5876107472268,10.000004350919687,85.29033972396216,5.289302852382278e-06,5.9373733863234056e-06,22.57005481845784,0.0,440.70000043250593,6.30000001005828,68.49999989941719
1.0,4.161897619902882,1054.6660904690639,10.000004350939161,85.2356940554536,5.28930404461512e-06,5.63238590406739e-06,23.790054939241095,0.0,438.900000181049,6.09999998994172,69.6000000603497
1.0104166666666667,4.1615466930487335,1053.7789221998014,10.000004350952366,85.18967987780219,5.289305040335872e-06,5.491326019727564e-06,24.40005487648368,0.0,458.3999999999999,6.0,70.6
1.0208333333333333,4.16119579578437,1052.8606466936421,10.000004350866412,85.15333858046455,5.28931721786404e-06,5.491316899672701e-06,24.400054811544635,0.0,438.900000492856,6.00000001005828,73.0999997384846
1.03125,4.160844928107298,1051.9382537572283,10.000004350949494,85.12293548292335,5.2892644414522745e-06,5.229371374295447e-06,25.62005499879024,0.0,435.199998702482,5.79999997988344,74.6000001307576
1.0416666666666667,4.160494089922799,1051.0040919687697,10.000011711412368,85.09969832046166,9.793033059558637e-06,1.2580998021021977e-05,29.280372924974323,0.0,426.59999999999997,5.2,80.09999999999998
1.0520833333333333,4.160143281233373,1050.0937749637037,10.000011750185253,85.08149695875854,9.896370521452565e-06,1.2849631871577317e-05,28.670150761419706,0.0,440.099999134988,5.3,80.99999997988341
1.0625,4.159792502122916,1049.2004518667711,10.000011783060545,85.06535258334563,9.93014828780045e-06,1.3716829569275756e-05,26.84015073223211,0.0,449.899998642132,5.6,78.8999999798834
1.0729166666666667,4.1594417525891405,1048.3027855517691,10.000011804895234,85.05124515220726,9.94456495271933e-06,1.4363076412359904e-05,25.620150492484655,0.0,446.8000000000001,5.8,77.6
1.0833333333333333,4.159091032630321,1047.3992550389137,10.000011775849297,85.03873427395897,9.953026732032431e-06,1.4711344336607434e-05,25.010148697540643,0.0,442.59999962784303,5.90000001005828,76.70000010058278
1.09375,4.158740342243652,1046.4845151572927,10.000011819523687,85.02816517764273,9.885909513104917e-06,1.5068136805387547e-05,24.400151177576532,0.0,435.20000049285596,6.0,76.29999997988338
1.1041666666666667,4.158389681426964,1045.5896748409884,10.000011768854916,85.01890258880108,9.969499193759434e-06,1.507978530930391e-05,24.400148062806444,0.0,446.19999999999993,6.0,76.1
1.1145833333333333,4.158039050271128,1044.6986974124395,10.000004350962234,85.01024221579051,5.2892293826141135e-06,5.632394970717978e-06,23.789829549314852,0.0,447.399998772889,6.1,74.90000003017491
1.125,4.157688448674735,1043.7949717756312,10.000011762620833,85.00246145875735,9.865344514905876e-06,1.5859593717434847e-05,23.1803746347072,0.0,439.499999497086,6.2,74.1999999899417
1.1354166666666667,4.157337876554279,1042.9045385397258,10.000011692882167,84.99582860370411,9.514428769969037e-06,1.6265014817772803e-05,22.570146841339792,0.0,446.79999999999995,6.3,73.69999999999999
1.1458333333333333,4.156987334086447,1041.9925874991216,10.000004350925968,84.98913918919126,5.29401667626641e-06,6.095353358529437e-06,21.959831826010056,0.0,432.6999996379021,6.4,72.2999999899417
1.15625,4.156636821170291,1041.0977675311462,10.000011714439648,84.98232277851177,9.191511532253866e-06,1.667940181066698e-05,21.960372655114682,0.0,442.599999436736,6.39999998994172,71.50000004023309
1.1666666666666667,4.156286337724911,1040.1853688146623,10.000011506668802,84.97637622279537,8.191316345593333e-06,1.5781162824382968e-05,23.18014123886491,0.0,430.90000000000003,6.2,72.3
1.1770833333333333,4.155935883834134,1039.2808122748456,10.000011527209034,84.97132781428589,8.344704099659192e-06,1.538991445392782e-05,23.79014830544413,0.0,434.5000003822149,6.10000001005828,72.79999995976686
1.1875,4.155585459492771,1038.3995354568908,10.000011548247487,84.96680727536716,7.544216429491036e-06,1.4924838717084263e-05,24.400148034414368,0.0,447.400000191107,6.00000001005828,73.0999999899417
1.1979166666666667,4.155235064699906,1037.5089087093857,10.000011443013983,84.96347892716476,7.3541144537541975e-06,1.528277006809342e-05,23.18014152214544,0.0,441.3,6.2,72.60000000000001
1.2083333333333333,4.15488469945315,1036.635104855808,10.000011448417348,84.96087440799354,6.833530066266305e-06,1.4884328354903761e-05,23.180143024033157,0.0,450.499998772889,6.19999998994172,72.79999993965029
1.21875,4.154534363837575,1035.7529079373478,10.000004350747592,84.95734161990114,5.754149962400441e-06,5.1415426494482395e-06,23.789836744356165,0.0,443.799998823181,6.10000001005828,72.09999996982509
1.2291666666666667,4.154184057845482,1034.8724998720916,10.00000435069182,84.95302377681344,5.925203622361118e-06,4.887912955511829e-06,24.400051759184272,0.0,443.79999999999995,6.0,71.5
1.2395833333333333,4.153833781295229,1034.0020511036669,10.000011992698433,84.94877543863689,1.7323815362502718e-05,1.2852589148030203e-05,24.400371610904163,0.0,448.69999956749393,6.0,71.1
1.25,4.153483534190006,1033.1446151817147,10.000011992506877,84.94463874124573,1.793398167546665e-05,1.2282475486924118e-05,25.010138049320396,0.0,455.3999988935891,5.90000001005828,71.09999990947549
1.2604166666666667,4.153133316617271,1032.2593616884474,10.000011992524069,84.94021282204763,1.8314521348397197e-05,1.1797097928605924e-05,25.620137071778124,0.0,437.7000000000001,5.8,70.80000000000001
1.2708333333333333,4.152783128574534,1031.389428774014,10.000011992238703,84.93593453487179,1.8734136590186722e-05,1.1214739653576473e-05,26.840136676312056,0.0,445.599999507144,5.60000002011657,71.2999999899417
1.28125,4.152432970059307,1030.5181090870008,10.000011992168567,84.93205037876488,1.99696241816603e-05,1.077317855831813e-05,26.840134360181516,0.0,443.80000128745996,5.59999998994172,71.09999996982509
1.2916666666666667,4.1520828410691,1029.6319301202936,10.000011991860918,84.927814131398,2.1767808921687172e-05,1.022934437757116e-05,26.840131202923324,0.0,433.9,5.6,70.3
1.3020833333333333,4.151732741601423,1028.7629413819216,10.000011991808202,84.92507380435507,2.5082366993958323e-05,9.768278556245478e-06,26.23012733322104,0.0,443.1999991249289,5.7,70.5999999195337
1.3125,4.151382671653785,1027.8915334183507,10.000011991661522,84.92296353161176,2.759249142153813e-05,9.398718182091287e-06,26.230125218159134,0.0,440.700000432506,5.70000001005828,70.7999999396503
1.3229166666666667,4.151032631223706,1027.0232899455978,10.000011990940193,84.91993676960104,3.108311490101511e-05,8.896540609228152e-06,26.840123619725965,0.0,441.3,5.6,70.2
1.3333333333333333,4.150682620308688,1026.1571280507226,10.000011991413922,84.91684057427895,3.8620818331121426e-05,8.498128859747956e-06,26.23012036262299,0.0,441.29999864213187,5.69999998994172,69.30000001005828
1.34375,4.15033263890624,1025.2970698935987,10.000011990963984,84.91413663917585,0.0001100889220336761,7.2492875028529215e-06,26.840114216925198,0.0,438.899998883531,5.60000001005828,69.69999997988339
1.3541666666666667,4.149982687013874,1024.7520061361315,10.000011991208297,84.91188991918902,0.0026786478718258643,6.9190700490789685e-06,26.230111533980512,0.0,448.6999999999999,5.7,69.3
1.3645833333333333,4.150996689569852,1025.3259188425,10.000011991894977,84.909396856168,0.015191022515650871,6.8775201357056535e-06,25.43011101837436,4.00000120699413,443.80000079460495,5.70000001005828,68.7999999899417
1.375,4.152010969602071,1039.7308564422954,10.000011994100008,84.90969634096275,0.13464698638251438,6.583195593593988e-06,27.260112276664582,4.00000040233127,443.1999986421319,5.39999998994172,72.3000000804662
1.3854166666666667,4.15470831206672,1067.5516456503183,10.00001199534985,84.91148370955993,0.2542769607031847,6.1976333130354684e-06,28.09011238493572,9.0,433.9,5.1,75.1
1.3958333333333333,4.156400713161788,1109.458624825846,10.000004352412992,84.91351873926412,0.374077449155289,2.116252899908066e-06,31.12980877288812,6.00000010058284,446.199998762831,4.70000001005828,77.50000001005829
1.40625,4.160104559044827,1164.5780800835971,10.000011997991077,84.9168103923033,0.4931108111237285,5.571252479891888e-06,29.9303435842473,12.0,430.90000135786806,4.69999998994172,79.00000004023312
1.4166666666666667,4.162138589839914,1233.8447710869796,10.000012026341633,84.92055407313242,0.6124300564684187,5.360817051968068e-06,30.930110873858464,7.0,446.79999999999995,4.7,79.8
1.4270833333333333,4.172048679121076,1292.995778989052,10.000004398942464,84.9230034940733,0.5421453312847467,1.852971445663608e-06,26.129807991158742,30.9999990947544,446.199999637902,4.7,78.99999996982508
1.4375,4.1891702399507045,1348.2298288193163,10.00001220795895,84.92453165435137,0.523788780645482,5.153531449769861e-06,18.480343910225876,53.9999983906749,454.19999925568686,5.2,75.89999994970857
1.4479166666666667,4.207919117149872,1393.7525258908545,10.000012220681931,84.92717277079747,0.44428079463280395,4.982301626044539e-06,16.870105140410285,59.0,436.99999999999994,5.3,76.4
1.4583333333333333,4.226779005717017,1426.8492967754921,10.000012220209086,84.9274571737283,0.33769536243088194,4.948989876884293e-06,16.260103895290197,58.9999996982515,447.400000251457,5.40000001005828,73.99999997988341
1.46875,4.246045306482379,1448.467649712132,10.00001232477961,84.92822375709717,0.2400622890479291,4.8149965746683295e-06,16.060107029464852,59.9999991953375,433.90000204183093,5.40000001005828,74.30000001005831
1.4791666666666667,4.272918892735417,1458.655161508386,10.000012336505149,84.92952252319212,0.15692879746295046,4.92331189516575e-06,9.840103553656627,85.0,452.30000000000007,5.6,73.69999999999999
1.4895833333333333,4.2926999116744,1456.8356879396179,10.00001217647502,84.93138406499553,0.03907480672916322,5.004712413304104e-06,13.420096834744395,60.9999990947544,440.1000006135549,5.79999997988343,73.2000000100583
1.5,4.307504433475814,1451.7921069151162,10.000012125660108,84.93067030076728,0.0011013183356253836,5.152445134518459e-06,14.790098183051157,45.0000005029141,436.400000432506,6.10000001005828,69.70000004023309
1.5104166666666667,4.322673334493902,1446.6402721228042,10.00001225429951,84.93062607923395,0.0007002344765398171,5.274917063630666e-06,13.980104516543417,46.0,446.2,6.2,69.6
1.5208333333333333,4.348464539562651,1438.909388904733,10.00000451432366,84.9301228258508,0.0001452049368169187,1.961828724488476e-06,5.95980181787142,79.9999985918402,439.50000116676097,6.4,68.1000000603497
1.53125,4.37736599888038,1430.470537528749,10.000006475474025,84.93126918164043,0.0002246361210623095,5.529567828082777e-06,4.570125101455494,90.0000012069938,443.20000030174793,6.30000002011656,69.6999998692423
1.5416666666666667,4.412816866934304,1420.6264734642277,10.02880381990816,84.78997282771616,0.00014037287473304597,6.146735302576109e-06,0.0004881709923952771,112.0,440.69999999999993,6.5,68.3
1.5520833333333333,4.4390453681469335,1412.6957796200375,10.000012425920751,84.95569140618244,0.00010384413648705372,6.095155696804472e-06,3.8655262738979976,80.0000006034971,446.200000311807,6.6,68.79999991953372
1.5625,4.466918951326698,1404.4950027518375,10.000000536030614,84.95449671212165,3.153436835126727e-05,2.2388782832731113e-06,3.739652522059973,84.9999969825155,427.800000191107,6.6,68.900000070408
1.5729166666666667,4.502359576531158,1394.7891400077021,10.051268130057844,84.70281471321994,5.535582276219278e-05,9.232157392654108e-06,9.543044314795385e-05,110.0,438.30000000000007,6.7,69.60000000000001
1.5833333333333333,4.563600323399337,1381.661365761198,10.648294405525982,81.87348304223475,4.680994279258245e-05,1.0405380813960726e-05,9.734793134710046e-05,204.999994970858,446.80000006035,6.89999998994172,69.5999999195337
1.59375,4.631565524604575,1367.071999104086,11.282827833672078,79.4271025640801,3.23434770687636e-05,1.2651965025800083e-05,9.855804121431381e-05,226.999994970859,446.1999985214329,6.99999998994172,68.80000006034969
1.6041666666666667,4.688613834145751,1353.2985753072207,11.553545006617187,79.08846699341116,2.4887545578660073e-05,1.5424509038788518e-05,0.00010076457027150538,180.0,444.4,7.0,69.2
1.6145833333333333,4.7370434286052285,1340.6485441202508,11.63149640649316,79.68570112440511,2.1441151497156068e-05,1.7986302140793562e-05,0.00010475492923619344,147.000005029142,435.200000432506,7.2,67.90000004023311
1.625,4.7737700042118885,1329.7349192563483,11.477091294357932,81.25593896718932,1.9647893053559106e-05,1.9903632709717114e-05,0.00011087260854220295,107.00000251457,449.2999995071439,7.2,68.999999929592
1.6354166666666667,4.795236093534953,1321.282661901511,11.07408328422489,83.76511352402561,1.8863596721492133e-05,2.000798138070327e-05,0.00012016319602017361,60.0,427.19999999999993,7.1,68.5
1.6458333333333333,4.8167427410681,1313.027378522819,10.705025243009304,85.75737029333852,1.8473143465667285e-05,1.9620534502510064e-05,0.00013413169211812682,59.9999995976686,438.900000432506,6.9,69.59999996982512
1.65625,4.84100790469169,1304.634394514116,10.441550360032421,86.93526063202994,1.803101925152947e-05,1.9491646280153688e-05,0.00015565868980091109,67.9999978877608,440.1000001206991,6.9,68.9999999899417
1.6666666666666667,4.86734138369827,1296.2113742693284,10.271759337336954,87.46300212135453,1.7504974461192077e-05,1.9584352742453608e-05,0.0001922765838700475,74.0,443.80000000000007,7.0,68.8
1.6770833333333333,4.910484063721572,1285.3420759773571,10.437687519819828,86.22372647498939,1.6531175481404383e-05,1.9748329196122742e-05,0.0002635728711270943,126.999994970858,436.40000197142393,7.09999997988343,69.6000000100583
1.6875,4.936436767280767,1276.9350781835767,10.240861132184852,86.99543511449497,1.5660995294890476e-05,1.8320554322110847e-05,0.0004751489183254154,71.9999995976687,446.199998823181,6.90000001005828,69.2000000100583
1.6979166666666667,4.9523464306595155,1270.7379256661259,10.00001219571912,87.87061095729405,1.5349823546566403e-05,1.7669056549466962e-05,2.384043944449999,43.0,451.69999999999993,7.0,69.6
1.7083333333333333,4.973605547499508,1264.3407383584695,10.000012241702125,87.38308709633178,1.5132140367203448e-05,1.822139783017385e-05,7.310148898600869,58.0000002011657,434.5000012975191,6.9,67.900000070408
1.71875,4.99597990947084,1257.7046765834357,10.000012147327006,86.97630768642459,1.483028476799044e-05,1.895335610039683e-05,6.710147550732872,60.9999976865952,443.199998762831,6.89999998994172,67.80000004023309
1.7291666666666667,5.003442852342207,1254.612901784339,10.00001201882294,86.63803483585623,1.4656813837860557e-05,1.6723119048036907e-05,17.960147073766247,20.0,446.2,6.4,70.40000000000002
1.7395833333333333,5.011299273117987,1251.428482086301,10.000012005492133,86.35659583824045,1.4618672224851892e-05,1.6346553326194623e-05,18.3701508710302,20.9999998994172,443.2000009756539,6.3,70.69999995976688
1.75,5.011685408229996,1250.0364746692096,10.00001198612736,86.12010075914574,1.4598362308978222e-05,1.515531811972809e-05,24.000150769055683,1.99999979883437,454.7999999999999,6.0,69.79999993965029
1.7604166666666667,5.011262827934742,1248.842377857617,10.00001198625191,85.92413987902033,1.4598215999115012e-05,1.4785738311677649e-05,25.010151321918496,0.0,457.19999999999993,5.9,70.59999999999998
1.7708333333333333,5.010840283271035,1247.670985655869,10.000011986094608,85.76240629836737,1.4598232472093172e-05,1.4433388955487204e-05,25.62015137207912,0.0,469.399998340383,5.79999998994172,71.9000000100583
1.78125,5.010417774235871,1246.4685620202476,10.000011986268001,85.62773968429418,1.4598267350066484e-05,1.4785743062926819e-05,25.010151384881254,0.0,449.899999507144,5.89999998994172,71.100000070408
1.7916666666666667,5.009995300826243,1245.2806552019188,10.00001198629701,85.51619855919682,1.4598269147528203e-05,1.44334075250796e-05,25.62015131771805,0.0,457.20000000000005,5.8,71.80000000000001
1.8020833333333333,5.009572863039151,1244.0913413220774,10.000011986251245,85.42126919324747,1.4598257573070875e-05,1.3776821518250176e-05,26.840151312194376,0.0,454.80000109635296,5.6,70.7000000603497
1.8125,5.0091504608715915,1242.8796888361653,10.00001198608069,85.34293926932985,1.4598267216345042e-05,1.3470428777486195e-05,27.45015136731433,0.0,440.10000190101505,5.49999998994172,71.6000000603497
1.8229166666666667,5.008728094320559,1241.691134286769,10.000011986367891,85.27831487394742,1.4598300242158797e-05,1.377682786219413e-05,26.840151323056222,0.0,452.9,5.6,71.49999999999999
1.8333333333333333,5.00830576338305,1240.4889287249464,10.00001198621036,85.22628555024035,1.459828310570825e-05,1.317733894808061e-05,28.06015130563106,0.0,443.20000134781,5.4,73.89999985918402
1.84375,5.007883468056063,1239.3247018745099,10.000011986295645,85.18276393219351,1.4598272974082843e-05,1.2896710875690266e-05,28.670151311951535,0.0,464.499998833239,5.3,74.10000002011661
1.8541666666666667,5.007461208336597,1238.1534909219222,10.000011986120985,85.14663724455775,1.4598279792652991e-05,1.2627789739998896e-05,29.280151301501764,0.0,459.0,5.2,74.6
1.8645833333333333,5.007038984221646,1236.9726529529305,10.000011986342805,85.11673410503288,1.459830233275326e-05,1.2896719027957537e-05,28.67015131643606,0.0,452.299999507144,5.3,74.19999996982511
1.875,5.006616795708209,1235.8032893622355,10.00001198624308,85.09103038094271,1.4598287851249906e-05,1.2627781878100323e-05,29.280151304474145,0.0,457.7999996379019,5.2,73.900000070408
1.8854166666666667,5.006194642793287,1234.6400346058354,10.000011986164127,85.07056708085169,1.4598304327061706e-05,1.262777049019879e-05,29.280151304552955,0.0,460.29999999999995,5.2,74.69999999999999
1.8958333333333333,5.005772525473874,1233.46496091574,10.000011986353055,85.05333638514968,1.4598328548598897e-05,1.2896694494864319e-05,28.670151253994966,0.0,452.3000011064109,5.30000001005828,73.99999996982511
1.90625,5.00535044374697,1232.3003461973094,10.000011986254112,85.03738304977762,1.4598316221210795e-05,1.262775927433352e-05,29.280151304425253,0.0,457.19999993965,5.2,72.9999999798834
1.9166666666666667,5.004928397609577,1231.1264117320666,10.000011986200505,85.02402163444232,1.4598330012325625e-05,1.2627758528596054e-05,29.28015130547082,0.0,450.4999999999999,5.2,72.9
1.9270833333333333,5.00450638705869,1229.9622970419591,10.00001198627398,85.01189621988803,1.4598355231967861e-05,1.2896661659361772e-05,28.670151249806562,0.0,455.399999879301,5.30000001005828,71.5000000905246
1.9375,5.004084412091309,1228.7938923631223,10.000011986307312,85.00260166522837,1.4598370166148667e-05,1.2896657670486675e-05,28.67015137147768,0.0,451.69999920539595,5.29999998994172,72.2000000301748
1.9479166666666667,5.003662472704436,1227.6287275441678,10.000011986253162,84.99512819232434,1.4598367228638555e-05,1.2627739376301439e-05,29.280151305656904,0.0,452.29999999999995,5.2,72.9
1.9583333333333333,5.003240568895067,1226.4525440215555,10.000011986396109,84.98970820131508,1.459837700309648e-05,1.2369817124316176e-05,29.890151311163773,0.0,444.40000006035,5.1,74.09999992959199
1.96875,5.002818700660207,1225.2911564256542,10.000011986153433,84.98554940827883,1.459836581592071e-05,1.1884272502232657e-05,31.11015123362128,0.0,451.69999826997594,4.90000001005828,75.4000001005828
1.9791666666666667,5.002396867996854,1224.108886231362,10.000011986367543,84.98393870842553,1.4598387245886085e-05,1.2122198505560868e-05,30.500151311713662,0.0,438.30000000000007,5.0,76.6
1.9895833333333333,5.00197507090201,1222.9295619507964,10.00001198610733,84.98237984684735,1.459840424902606e-05,1.212217455740684e-05,30.500151295563708,0.0,438.90000165961703,5.0,76.4000000603497
2.0,5.001553309372674,1221.7792141903378,10.000011986455355,84.97986408887192,1.4598428425367373e-05,1.2627721549730853e-05,29.280151318996463,0.0,455.39999962784395,5.2,74.30000001005828
