time,x_0,x_1,x_2,x_3,y_0,y_1,y_2,y_3,u_0,u_1,u_2,d_0,d_1,d_2,d_3,J
0.0,0.0035,0.001,15.0,0.008,3.5,537.2602140856554,15.0,62.6439500530795,0.0,0.0,0.0,0.0,450.50000000000006,5.8,78.4,0.01605801986093497
0.010416666666666666,0.003499604774845564,0.0009999568516252805,13.461467085956867,0.008294021663735942,3.499604774845564,534.3685371028694,13.461467085956867,71.34247605345531,8.711899635465805e-08,8.113404752796866e-08,1.1565333463694973e-06,0.0,443.20000134781,5.70000001005828,76.6,0.01677940307175146
0.020833333333333332,0.0034992465503115174,0.0009998746345862225,12.163502688941223,0.008442005380824381,3.4992465503115175,531.9048293374914,12.163502688941223,78.6766972013233,4.828907428891065e-08,4.427556566950959e-08,8.326311937384097e-07,0.0,445.60000147856704,5.5,78.4999999497086,0.017481899691730064
0.03125,0.0034989170548516612,0.0009997882846718422,11.049152896851863,0.008485312732530077,3.498917054851661,529.7816107868676,11.049152896851863,84.77324788560601,4.5749691751512076e-08,4.4565788617026436e-07,8.31375932351555e-06,0.0,455.4,5.5,77.80000000000001,0.018145789361410914
0.041666666666666664,0.0034986100664306324,0.000999723014625696,10.121158004109605,0.008454562592154907,3.4986100664306323,528.0172427555078,10.121158004109605,89.54410793468656,-6.846660457369779e-09,4.1703531806072463e-07,4.452119600964498,0.0,448.70000006035,5.6,77.8999998893589,0.01906603455280111
0.052083333333333336,0.003498319216420328,0.0009996288895230535,9.487131483194117,0.008378142596159134,3.498319216420328,526.7858155818373,9.487131483194117,92.36964751375662,9.100694821803884e-09,1.1132628007263313e-06,19.45211158591058,0.0,462.0999992053959,5.50000001005828,75.8999999698252,0.019828079574303825
0.0625,0.0034980358963375077,0.000999574473236695,9.35363672098515,0.008288071003428127,3.4980358963375076,526.5083420398546,9.35363672098515,92.15477195725292,4.829577281438751e-08,5.8831552421832155e-09,34.45211161966118,0.0,443.8,5.5,75.70000000000002,0.018948710446988672
0.07291666666666667,0.003497750824532594,0.0009994630254991446,9.653692518221005,0.008215237723663164,3.497750824532594,527.0087972420637,9.653692518221005,89.62153027271417,3.9655856954588954e-07,3.7180466645996956e-07,47.08413617159083,0.0,444.400000985712,5.4,76.39999996982512,0.01832264512927774
0.08333333333333333,0.003497456852568707,0.0009993582171783418,10.233153843880178,0.008179655017765979,3.497456852568707,528.0332540373269,10.233153843880178,86.02219450946045,6.917274743484087e-07,6.466872566787015e-07,38.57956737083948,0.0,460.299997726828,5.6,75.4,0.017466840709719104
0.09375,0.0034971540987473364,0.0009993068887666106,10.51600387941378,0.008175659180856215,3.4971540987473366,528.5331463385698,10.51600387941378,84.46109963524795,4.894807962918517e-08,5.346558507045068e-08,23.579569085120497,0.0,452.9000000000001,5.8,75.10000000000001,0.016898350572313436
0.10416666666666667,0.0034968500324711526,0.0009992316565083463,10.373773066467656,0.008176068544550361,3.4968500324711527,528.2283681842875,10.373773066467656,85.22540019718159,1.0109340944255658e-05,2.41105357073736e-05,9.9810000950866,0.0,456.59999907463805,5.90000001005828,74.8999999195337,0.016782076324481567
0.11458333333333333,0.0034965525146051233,0.0009991663645498568,9.899241844677002,0.008156031261837674,3.4965525146051233,527.3098192381071,9.899241844677002,87.60259571440234,4.823123543297288e-08,4.826532707968392e-08,13.656156166383322,0.0,455.9999989539389,6.00000001005828,73.7000000301748,0.01702880055149508
0.125,0.0034962626254882124,0.0009990937853021947,9.621548736647776,0.008114990288225512,3.4962626254882125,526.7542215871501,9.621548736647776,88.70853333295257,4.8295150483079465e-08,5.1234325136951114e-08,27.46066267947689,0.0,454.7999999999999,6.0,74.6,0.017103575859299745
0.13541666666666666,0.003495973941996521,0.0009990169933054888,9.76874606768191,0.008075864402145775,3.495973941996521,526.9879163431472,9.76874606768191,87.46108009401196,4.829575255916807e-08,5.332795147034327e-08,35.89595404191221,0.0,440.100001538918,6.0,74.6999999396503,0.01671357176403715
0.14583333333333334,0.003495680156151819,0.0009988961529785207,10.122581298436268,0.008057803814684813,3.495680156151819,527.5831754092331,10.122581298436268,85.33427884211484,-8.453674789813634e-09,5.494809178718346e-08,31.42464266972385,0.0,446.799999577552,6.10000001005828,74.40000002011658,0.016129426407076562
0.15625,0.003495380875893318,0.00099879862941273,10.311385948634879,0.008059054370963293,3.4953808758933183,527.8832730859084,10.311385948634879,84.33669801526085,3.2695303441033217e-06,3.0436058941684058e-06,20.066564636421116,0.0,446.79999999999995,6.3,74.09999999999998,0.015731953617877763
0.16666666666666666,0.003495081013504486,0.0009987011426904919,10.1906800596742,0.008061878240809903,3.495081013504486,527.606983863944,10.1906800596742,85.01113958137721,4.833503278260386e-08,5.291450591402743e-08,13.111246617997772,0.0,449.89999926574495,6.3,77.89999976865948,0.01564252030883115
0.17708333333333334,0.0034947854756747204,0.0009986110526245327,9.899480026916681,0.008051333714711804,3.4947854756747203,527.0171969748669,9.899480026916681,86.47675330157928,-8.48634176309993e-09,1.6449078673099886e-07,16.77784854421265,0.0,440.700000804663,6.19999998994172,80.30000014081588,0.015567426062197536
0.1875,0.003494494497444026,0.000998490504958248,9.740774806696965,0.008028341185916917,3.494494497444026,526.6581162072897,9.740774806696965,87.10060273193243,1.0910429106719167e-08,1.4007198567336093e-06,26.233466784111876,0.0,438.8999999999999,6.0,82.69999999999999,0.015431001004906755
0.19791666666666666,0.0034942041225846958,0.0009983651560216214,9.834389918210872,0.00800678345196749,3.4942041225846956,526.766261864154,9.834389918210872,86.35324570529674,1.1112228900377898e-08,7.594478186644452e-08,32.274306591182594,0.0,451.70000067390504,5.9,84.3000000301749,0.014997468912525427
0.20833333333333334,0.003493910485442957,0.0009982824863168204,10.061236554055961,0.007998388960661705,3.493910485442957,527.1448756305061,10.061236554055961,85.03393879153333,4.667697813047975e-08,5.1802716714674076e-08,30.0406248227712,0.0,444.4000012874599,5.80000002011656,84.79999999999998,0.014239793832496064
0.21875,0.0034936134542486188,0.0009981789044667337,10.172187522800794,0.00800158118951838,3.4936134542486186,527.2966721461532,10.172187522800794,84.47386595458048,9.374711387837969e-07,2.3992151975344767e-06,23.75992199511684,0.0,462.69999999999993,6.0,85.5,0.013543417458873195
0.22916666666666666,0.003493315832619927,0.0009981327273334076,10.125844160856717,0.008006365155569965,3.4933158326199267,527.1860320933729,10.125844160856717,84.7720600237627,6.460863693647346e-08,4.0470821263327767e-07,19.169610676245455,0.0,457.19999956749393,6.0,85.39999998994169,0.012401904570470334
0.23958333333333334,0.0034930204376802747,0.0009980681012752995,9.961407539131054,0.00800362127213444,3.4930204376802747,526.8458960396767,9.961407539131054,85.62821032112177,2.5102817695610066e-08,4.710487446964805e-08,20.57732116969159,0.0,439.500001961365,6.2,86.30000000000001,0.011496718149482497
0.25,0.003492727376486086,0.0009979456011140794,9.89650883655206,0.007994352664406325,3.4927273764860858,526.6604763474368,9.89650883655206,85.88088174059963,7.866815383452796e-08,5.595092322010229e-07,24.352313288642925,0.0,449.9,6.3,87.3,0.01042312194398766
0.2604166666666667,0.003492434286387703,0.0009978556498403054,9.96267799992947,0.007986693299253084,3.492434286387703,526.7361139333212,9.96267799992947,85.44023866469072,2.607056442126347e-06,7.741207088030446e-06,25.713907346892277,0.0,449.8999994467941,6.4,87.5,0.009209671603833182
0.2708333333333333,0.00349213942096801,0.0009977664760100896,10.071832013622615,0.007985710536923618,3.49213942096801,526.8921067302118,10.071832013622615,84.84233278097183,2.458533352507974e-07,4.850532010313959e-07,23.093719820459736,0.0,454.1999987024819,6.60000001005828,87.40000008046631,0.008038062289967637
0.28125,0.0034918429421664223,0.000997690414584969,10.124346715054061,0.007990017362201533,3.4918429421664223,526.9496292004254,10.124346715054061,84.60696886802612,0.000333423970922026,5.09831792282298e-06,18.558187951327643,0.0,438.29999999999995,6.8,86.79999999999998,0.006870313434718435
0.2916666666666667,0.003491546464805724,0.0009976362588320757,10.077183259719321,0.007993842283631931,3.491546464805724,526.8332966393924,10.077183259719321,84.90001840087687,3.4269622186730315e-06,5.2018107611544415e-08,15.742807887778334,0.0,447.399998461082,7.0,86.5,0.0060858890000810364
0.3020833333333333,0.003491251357915958,0.0009975370465647386,9.994170192063837,0.007993082606700605,3.491251357915958,526.6265065135875,9.994170192063837,85.33849306022547,0.00010777682489918941,1.7621871068657372e-06,15.95551072256286,0.0,438.300000734255,7.0,85.90000006034971,0.005238357342231011
0.3125,0.0034909577624780185,0.0009974314901453312,9.930870633423144,0.007987744663227655,3.4909577624780184,526.4530605735945,9.930870633423144,85.6235600747786,4.2970896645293224e-06,6.063091848002304e-08,18.47709013235323,0.0,445.59999999999997,7.1,87.5,0.004374482658132278
0.3229166666666667,0.0034906644687157837,0.0009973258240125159,9.964009378034513,0.007982548211955027,3.4906644687157837,526.4589115450375,9.964009378034513,85.38870586778366,3.854304551699663e-06,5.986891083101911e-08,19.789896881399123,0.0,432.700000563264,7.00000001005828,86.49999993965031,0.0033139663763510053
0.3333333333333333,0.003490370381025354,0.0009971804654089103,10.010873756944168,0.007980375056228154,3.490370381025354,526.4693140254219,10.010873756944168,85.11289875368993,0.0009711282265424487,1.0172386451996824e-05,19.39357192661434,0.0,448.6999985113741,7.00000001005828,86.19999998994172,0.0021575513666348997
0.34375,0.0034900755584423584,0.000997297910411038,10.03903456677246,0.00798078395698208,3.490075558442358,526.583684440113,10.03903456677246,84.96589477004905,0.0004613887628754449,1.8693473381737055e-06,17.969751086031092,0.0,444.99999999999994,7.1,85.7,0.0006235593118339926
0.3541666666666667,0.003489780469715043,0.0009972915758420327,10.040175941613013,0.007982034320364848,3.489780469715043,526.5824620692396,10.040175941613013,84.97307707340491,0.015073605201415315,0.00011519620117684593,16.507644673023258,0.0,437.000000251457,7.00000001005828,86.2999999497086,-0.0007077679916736944
0.3645833333333333,0.0034894859825834474,0.001000461169049761,9.984307461146937,0.007981270080809764,3.489485982583447,528.151831341495,9.984307461146937,85.26552734560615,0.006673840145281409,9.217842109213482e-06,17.07988496769579,0.0,433.29999987930097,7.0,85.30000008046622,-0.0020818225003260142
0.375,0.0034891923960414916,0.0010017749118055182,9.953481264423973,0.007977809236059827,3.4891923960414917,528.787789202526,9.953481264423973,85.3948497003656,0.04724313736181305,5.503508607776992e-08,18.776683350177752,4.0,440.1,7.0,86.5,-0.0034364397010140696
0.3854166666666667,0.0034900576669756305,0.001011487235712379,9.996261017192625,0.00797543257969076,3.4900576669756305,533.9951279071299,9.996261017192625,85.13879717249047,0.16724027526139004,5.485938820878283e-08,18.91306938594332,4.99999989941716,448.69999950714407,6.9,85.50000006034972,-0.00481212155045386
0.3958333333333333,0.0034912083054027803,0.001047402495544751,10.024385490448944,0.007975392027245577,3.4912083054027803,553.01081911597,10.024385490448944,84.9871385392599,0.2872392027054349,5.270585382249429e-08,18.023578471869563,6.0,440.10000006034994,6.80000001005828,87.20000010058281,-0.006221532264645449
0.40625,0.0034926445236920737,0.0011094236986744176,10.012181043091017,0.007975928684416494,3.4926445236920736,585.7317209996427,10.012181043091017,85.05844780896763,0.40723862161909385,9.896163397187086e-08,17.579262560497355,7.0,427.8,6.9,87.30000000000001,-0.007421782985657152
0.4166666666666667,0.003494366948781193,0.0011974950774443923,10.012042810907795,0.00797610574653032,3.494366948781193,632.2296080642662,10.012042810907795,85.06107931704463,0.5272302174497622,1.2408774747235657e-06,17.14003047060476,15.9999994970858,447.39999938644496,7.09999998994172,85.90000005029138,-0.00853049294330651
0.4270833333333333,0.003498591922663436,0.0013106790726586848,10.08267946802193,0.007978589432813403,3.4985919226634357,692.1588608642307,10.08267946802193,84.70860453490126,0.6472290331702418,4.259013363110013e-08,14.124185939165855,9.0,427.2000007342549,7.1,86.1000000502914,-0.00969145263197124
0.4375,0.003500890553389862,0.0014507958911045618,10.020442933675952,0.00798082884271337,3.500890553389862,765.9850508717507,10.020442933675952,85.06626947399326,0.7672160137712698,5.937377198888239e-07,13.378529007378658,10.0,447.3999999999999,7.1,85.8,-0.010834446029013498
0.4479166666666667,0.0035034802377974373,0.0016169322778581553,9.953655058190483,0.00797864032855198,3.5034802377974374,853.4996827186255,9.953655058190483,85.40280707843786,0.8753873783261525,2.0798028052782265e-07,15.069029016976167,20.9999998994172,447.39999895393794,7.29999997988343,85.60000009052457,-0.01227632096793395
0.4583333333333333,0.0035091434201886683,0.0018051429445613495,10.038140920065693,0.00797765812812555,3.509143420188668,953.1312691323499,10.038140920065693,84.93741304047195,0.8504555823085231,1.0584733805677439e-06,13.677841522428913,22.0000027157361,437.0000002514569,7.40000001005828,84.09999994970859,-0.013179052269525319
0.46875,0.003515113071372582,0.001987404969833651,10.092564709022195,0.007981066005684812,3.515113071372582,1049.568883163989,10.092564709022195,84.6820005430742,0.7374833346627828,3.7660540750234787e-07,10.301430210852088,77.0,435.2,7.7,82.6,
0.4791666666666667,0.003535281241947962,0.002138221126526076,10.397057815402956,0.007996089109295716,3.535281241947962,1130.4303743796538,10.397057815402956,83.22712776163341,0.7374833346627828,3.7660540750234787e-07,10.301430210852088,53.0000015087427,437.70000146851,7.99999998994172,81.60000004023308,-0.013536823372618858
0.4895833333333333,0.0035496916837390903,0.002291374931667861,10.569207272461503,0.00802469653720571,3.5496916837390904,1212.1348899431741,10.569207272461503,82.62442063094562,0.6174833912124389,3.680881412982614e-08,3.092398532231346e-07,74.0000023134048,435.200000251457,8.1,81.0999999698251,-0.013321385184744341
0.5,0.003569615798418825,0.0024154787666968015,10.562020039882517,0.008054902758859894,3.569615798418825,1277.753316910889,10.562020039882517,82.97294660636273,0.49748338121369223,2.8157393913399087e-07,1.7639992175520465e-06,81.0,445.6000000000001,8.3,80.5,-0.012936055838387849
0.5104166666666666,0.0035914920105709325,0.0025122156974385058,10.627862194336801,0.008083520004944802,3.5914920105709327,1329.2341625221989,10.627862194336801,82.92355761455752,0.3774858206877754,1.4694071259309932e-06,1.076217715665608e-05,66.0000001005828,427.80000099576995,8.20000001005828,80.999999929592,-0.01260382901394282
0.5208333333333334,0.003609697025272775,0.002584063093883133,10.58372524077868,0.008109096464240862,3.609697025272775,1367.036562898117,10.58372524077868,83.41719561233211,0.2574858969702672,3.256425720319552e-08,3.0959745888928937e-07,86.9999998994172,425.400000181049,8.2,81.8000000100583,-0.012127263736169028
0.53125,0.0036334359039413414,0.0026269864749344195,10.662112456976823,0.008132963811810319,3.6334359039413413,1390.1280925970837,10.662112456976823,83.25128043432093,0.13748600251756377,3.325316396339931e-08,3.0958559321754793e-07,34.0,430.90000000000003,8.3,81.79999999999998,-0.011934842168401611
0.5416666666666666,0.003643101848474435,0.0026498406657063205,10.453514431257933,0.008148940559316559,3.643101848474435,1401.1912800281837,10.453514431257933,84.5169604799022,0.017491908941319106,1.3488859128164284e-06,1.0669837816710583e-05,60.9999988935887,432.6999990142879,8.4,81.89999993965031,-0.011269883044313526
0.5520833333333334,0.0036602421640764557,0.0026429950197453442,10.444565303246804,0.00815595580612625,3.6602421640764558,1397.527316852847,10.444565303246804,84.63741083501418,-9.988177766373074e-09,2.8009872958873586e-06,1.567078706248958e-05,59.9999995976687,429.700001166761,8.6,80.00000004023309,-0.010574085771049084
0.5625,0.003677182440767756,0.0026324027823818584,10.465076165863675,0.008162415236329304,3.677182440767756,1392.0271667340573,10.465076165863675,84.5950951324268,-9.97984962678995e-09,2.0629310341891246e-06,1.0956346822064457e-05,87.0,431.49999999999994,8.6,79.79999999999998,-0.00971548334261602
0.5729166666666666,0.0037013252394719046,0.002618607306374635,10.630198173153488,0.008174647241732712,3.7013252394719047,1385.5382505152863,10.630198173153488,83.84605403345137,3.7437907524518425e-06,6.524487084938234e-06,9.9976548694016e-05,99.9999974854289,426.00000073425497,8.70000001005828,79.4,-0.008798929983609781
0.5833333333333334,0.0037289621016731458,0.0026032506120040044,10.85571094957883,0.008198992169030766,3.7289621016731456,1378.5074235797613,10.85571094957883,82.91261961485823,4.133955979710455e-07,3.258114332404051e-08,3.26362823609532e-07,200.000001206994,434.500000070408,9.00000001005828,78.69999998994169,-0.007294844338530693
0.59375,0.0037803216192716363,0.0025773188108538904,11.641979229976602,0.008257686757568378,3.7803216192716365,1368.5540500658744,11.641979229976602,79.49753827820504,3.451953291190227e-06,2.0373840990223915e-06,1.1057086249787639e-05,140.0,424.79999999999995,9.0,77.69999999999999,-0.006059151408889611
0.6041666666666666,0.003818761976426175,0.0025571868118759574,11.967777840121741,0.008349034507318047,3.8187619764261753,1359.4173562045257,11.967777840121741,78.762472362966,1.3041231185735824e-05,1.1354563549325166e-06,1.6546521259074845e-05,150.999999497086,431.50000024139894,9.1,78.0999999698251,-0.004734514477175488
0.6145833333333334,0.003860321851631743,0.0025357133708282242,12.316129083613344,0.008454687647599983,3.860321851631743,1349.6488954887768,12.316129083613344,78.05210197688984,3.0284100090859737e-07,-9.999629501339466e-09,5.666032428352087e-07,142.000000402331,427.799999145046,9.1,78.19999992959201,-0.0034098091663457624
0.625,0.003900128089534656,0.0025150469281728875,12.556877498971993,0.008569616990848614,3.9001280895346557,1339.778007719506,12.556877498971993,77.94181115470083,8.931268140267256e-08,8.398398333658928e-08,3.779486494332116e-07,133.0,427.79999999999995,9.1,77.3,-0.002107737980953053
0.6354166666666666,0.003938041946955655,0.002495262153791305,12.708017995272163,0.00868492732578776,3.9380419469556553,1329.941734450208,12.708017995272163,78.25552284018981,1.0369079825264815e-07,3.819919525162432e-07,6.583732662753981e-07,134.000000905246,426.000000181049,9.29999998994172,74.4999999798834,-0.0007728517401285753
0.6458333333333334,0.003976551740894413,0.0024752362797350195,12.872812341555074,0.008797707501188783,3.9765517408944127,1320.02875356442,12.872812341555074,78.46879798677283,2.3237433493294407e-07,2.9235697161200145e-07,9.169786136595626e-07,95.9999995976687,427.200000804663,9.3,73.50000001005829,0.0003419471511012806
0.65625,0.004005185710513473,0.0024596713533630425,12.801693416893823,0.008898550946747949,4.005185710513473,1311.401912895046,12.801693416893823,79.717581328383,8.647311257881977e-08,7.782490670181407e-08,3.7087123541169366e-07,88.0,422.8999999999999,9.2,73.29999999999998,0.0013907210299101411
0.6666666666666666,0.004031732246838143,0.0024450542461611066,12.681880582170677,0.008977535285421232,4.031732246838144,1303.062427214955,12.681880582170677,81.02289002052129,1.6291545142494321e-06,1.8052156609796145e-06,6.298036347448881e-06,90.0000009052456,420.50000031180696,9.1,73.4000000402331,0.002474473158899957
0.6770833333333334,0.004058974185777051,0.0024301423402440306,12.576347058513367,0.00903632294939143,4.058974185777051,1294.637128767347,12.576347058513367,82.08759033427926,7.523363003887114e-08,9.308759460476935e-08,3.835249823006391e-07,98.0000034198158,419.90000240392897,9.2,73.59999991953369,0.0036506360392975124
0.6875,0.004088607850766474,0.0024141814481272177,12.549049438343943,0.009081784970675898,4.088607850766474,1286.0112285372516,12.549049438343943,82.64007992209017,4.1738615442238143e-07,9.791176190349259e-07,4.156539728887335e-06,160.0,429.1,9.4,71.0,0.005258120819543094
0.6979166666666666,0.004134958070482202,0.0023907856501669948,12.899709885413086,0.009135346421674663,4.1349580704822015,1275.111636248385,12.899709885413086,81.34510540208726,8.071072127487967e-06,1.6860134330239855e-05,5.732947531267708e-05,59.0000014081598,410.700001478568,9.20000001005828,72.69999996982511,0.006306209552862413
0.7083333333333334,0.004153595278474496,0.002379782814684991,12.604497722651043,0.009182343725255835,4.153595278474495,1267.933439422278,12.604497722651043,83.26889510769222,1.2137308841240595e-07,2.2576830870847556e-06,1.490696897122896e-06,37.9999995976687,425.3999999999999,9.10000001005828,73.80000001005831,0.007249005271537853
0.71875,0.004165741273473901,0.002371755842972412,12.226788323777773,0.009194111938629635,4.165741273473901,1261.986421475323,12.226788323777773,85.3500997862798,1.2492341193093386e-06,1.4103193129921571e-05,2.7197997141477316e-05,34.0,435.2,9.2,73.6,0.008183294528896289
0.7291666666666666,0.004176636283165267,0.0023643289015633684,11.907034645596296,0.009175367236788636,4.1766362831652675,1256.6250445600301,11.907034645596296,86.88558398416595,5.692361290142171e-08,6.44069303087936e-07,8.892232041803018e-07,13.9999997988343,429.7000002413989,9.2,72.80000009052459,0.008991619332208604
0.7395833333333334,0.00418099855487639,0.002359827825113473,11.531094386502708,0.009130713838506412,4.18099855487639,1252.5786393051126,11.531094386502708,88.51250384020153,8.052073615492673e-08,2.651070500905785e-07,1.3895277845074735e-06,0.999999899417183,421.100000865012,9.1,74.1,0.009721343335395437
0.75,0.004180957148863587,0.0023572806457541344,11.130021030564267,0.0090615402214657,4.1809571488635875,1249.4638235393422,11.130021030564267,90.07260237856438,9.977929546274198e-08,7.042607793614122e-06,2.2647626957458377e-06,0.0,422.29999999999995,8.4,76.0,0.010482697827675132
0.7604166666666666,0.004180582043243333,0.002354891879886842,10.67347403698163,0.008968626220713953,4.180582043243333,1246.1930951915724,10.67347403698163,91.73980155254519,4.829541907574529e-08,1.3042553766227393e-07,1.0066897166364214e-06,0.0,430.89999950714395,8.4,77.2999999597669,0.011263828409671573
0.7708333333333334,0.00418021766672298,0.0023525315289272897,10.293276812076142,0.008857666510887516,4.18021766672298,1243.2763418981513,10.293276812076142,92.79995700786908,4.8295419499779364e-08,1.303365155810565e-07,1.8546344482927204e-06,0.0,431.500000925362,8.5,76.79999996982521,0.012045145182565114
0.78125,0.00417986178253641,0.0023501726576740174,9.993383877196052,0.008737673572563524,4.17986178253641,1240.7156040803682,9.993383877196052,93.29278841851948,3.25465070866747e-08,1.5155353339357244e-07,0.24133478197529254,0.0,431.4999999999999,8.5,77.00000000000001,0.012864343555406908
0.7916666666666666,0.0041795125439754435,0.0023478146800225896,9.750258744978115,0.008615426877506587,4.179512543975443,1238.4064786501174,9.750258744978115,93.41383593043926,1.010278194052083e-06,2.65199616745034e-06,9.351014671912603,0.0,430.89999907463795,8.4,77.6999999597669,0.013745516989526434
0.8020833333333334,0.00417916580153465,0.0023454574413438387,9.780810950577361,0.008503954656051815,4.17916580153465,1237.2967104201923,9.780810950577361,92.02692067253622,1.3359230202665505e-06,2.7656773242818442e-06,17.346271263176078,0.0,432.09999969825196,8.4,75.3000000603497,0.014321335504323358
0.8125,0.004178815682202488,0.002343109389476963,10.025444238173362,0.008419035550717609,4.178815682202488,1237.1267902649024,10.025444238173362,89.70867632796273,3.774182374157932e-08,5.929077396879382e-07,16.418157106748634,0.0,434.5,8.5,72.9,0.014630330048676839
0.8229166666666666,0.004178460237597054,0.0023407750632578384,10.220446047673983,0.008362435360124003,4.178460237597054,1236.7453690907269,10.220446047673983,88.0149692899649,1.080915157203741e-07,3.7385721835376454e-07,8.37710342489497,0.0,428.40000025145696,8.20000001005828,73.69999995976691,0.014968126680944181
0.8333333333333334,0.004178103868811926,0.0023384274007742286,10.112221871524053,0.008316640362066797,4.178103868811926,1235.0331235962378,10.112221871524053,88.13306973770992,1.6674114420359414e-06,9.624108571212799e-06,4.283742937077826,0.0,430.90000074431305,8.1,72.39999987930058,0.015522648491617292
0.84375,0.004177751588100093,0.002336087356835003,9.893152713505907,0.008265001531973586,4.177751588100094,1232.8430433762333,9.893152713505907,88.80723601954386,4.4181564375008224e-07,-9.997252263115215e-09,8.18112238963136,0.0,438.90000000000003,8.0,70.6,0.016145978822693547
0.8541666666666666,0.00417740307391889,0.0023337779942359882,9.800843229623466,0.008209499548559632,4.17740307391889,1231.222631680002,9.800843229623466,88.72779563205405,9.204654522703521e-08,1.7270348300523137e-07,15.445629440637846,0.0,430.90000086501203,7.80000002011657,71.79999979883429,0.01662656601526623
0.8645833333333334,0.004177054564089049,0.002331448149899301,9.889681316850803,0.008162425175175469,4.177054564089049,1230.3796654154914,9.889681316850803,87.7243223285151,2.667112360236275e-06,3.8764631542089885e-06,19.469770182333676,0.0,417.500000854954,7.69999998994172,71.5000000603497,0.01687214003491325
0.875,0.004176702942124457,0.002329081237819133,10.057261400390528,0.008131725446784841,4.176702942124456,1229.8583050226841,10.057261400390528,86.47320741305373,3.9082621605759395e-07,1.068264725591873e-07,17.38109517385763,0.0,428.3999999999999,7.6,70.6,0.017002129121778186
0.8854166666666666,0.004176348537240704,0.0023267549547423255,10.122832738006217,0.008113747748311131,4.176348537240704,1228.9143905207227,10.122832738006217,85.9253754900218,3.5024793700866534e-07,-9.994443818577903e-09,12.900625260088002,0.0,431.500000925362,7.60000001005828,70.10000001005831,0.01719227523876919
0.8958333333333334,0.004175994245094246,0.0023244422192215284,10.054606140953664,0.00809796613302071,4.1759942450942455,1227.3971894443425,10.054606140953664,86.12865864229273,4.829542016280418e-08,8.84910829996923e-08,10.908796920659396,0.0,429.700001418218,7.69999998994172,67.99999994970861,0.017493091223466716
0.90625,0.004175641987206483,0.00232212614101558,9.959906291103287,0.00807822759286122,4.175641987206483,1225.7641924531083,9.959906291103287,86.43460514601512,1.5509322897879418e-06,2.1231301157368358e-06,12.37131261327155,0.0,442.59999999999997,7.6,67.50000000000001,0.01783917126225898
0.9166666666666666,0.004175291573520923,0.002319853737681519,9.904414870175064,0.008055829484822086,4.175291573520923,1224.324652279707,9.904414870175064,86.49802991839518,1.14694427701512e-06,6.550764320652474e-06,15.857963993533515,0.0,434.4999998793009,7.39999998994172,66.8000000301749,0.018166581595576485
0.9270833333333334,0.0041749416431171495,0.002317558835580604,9.920343346098342,0.00803522123769628,4.174941643117149,1223.1823250234872,9.920343346098342,86.18985557951801,4.918789593592918e-08,6.353448565115653e-08,18.76352513017034,0.0,437.000000070408,7.09999998994172,67.90000005029138,0.018405188692336916
0.9375,0.004174591019705041,0.0023152792285909313,9.963095217720062,0.008019821236422085,4.174591019705041,1222.1637277380132,9.963095217720062,85.79237195216018,3.346849911507428e-06,3.961293111755058e-06,20.109825741955916,0.0,433.2999999999999,6.8,68.89999999999999,0.018578313042449383
0.9479166666666666,0.0041742396416245475,0.0023129929777649214,9.985436532966963,0.008008985732378942,4.174239641624547,1221.0532366197704,9.985436532966963,85.55551155721196,4.8295408360522006e-08,6.6055318127513e-08,20.641033042268596,0.0,443.80000036209793,6.6,68.5000000905246,0.018673775700768242
0.9583333333333334,0.004173888032801141,0.002310745226380435,9.98515881578751,0.008000355386745433,4.173888032801141,1219.8654285815794,9.98515881578751,85.46481905276397,4.829537365449858e-08,6.133741802808495e-08,21.18238637288949,0.0,445.599999698252,6.49999998994172,68.20000004023312,0.018752171685834387
0.96875,0.004173536483406953,0.0023085073267509817,9.983045588180959,0.00799281319943065,4.173536483406953,1218.6749232131463,9.983045588180959,85.39565772667537,4.8295411002847856e-08,5.9297723586210056e-08,21.80082245545695,0.0,436.40000000000003,6.4,67.5,0.01883235325535458
0.9791666666666666,0.00417318500776758,0.002306244543550709,9.981517036911338,0.007986114066201871,4.1731850077675805,1217.4738135165064,9.981517036911338,85.33233043344558,4.8295420898865724e-08,5.738762073355032e-08,22.475014444869558,0.0,440.70000043250593,6.30000001005828,68.49999989941719,0.018911968771150943
0.9895833333333334,0.004172833573666467,0.002303999533259166,9.982003936754476,0.00798042545050487,4.172833573666467,1216.290757104444,9.982003936754476,85.26892199746335,4.7551287309155454e-08,1.61069223177992e-07,23.13145498469007,0.0,438.900000181049,6.09999998994172,69.6000000603497,0.018970082979678178
1.0,0.004172482352149363,0.0023017533969647034,9.966959379610158,0.007975025180743217,4.1724823521493635,1215.0404465313443,9.966959379610158,85.29232015219866,4.8295414897455194e-08,5.220119388167382e-08,24.336656026622897,0.0,458.3999999999999,6.0,70.6,0.019023782282938786
1.0104166666666667,0.004172131290189225,0.0022995730465004407,9.970748237430357,0.007970102030284486,4.172131290189225,1213.9057368525696,9.970748237430357,85.21924769945737,7.941765344577939e-07,2.6466103879283183e-07,25.40366266877483,0.0,438.900000492856,6.00000001005828,73.0999997384846,0.019059143219086985
1.0208333333333333,0.004171779806452811,0.0022973349368327406,10.003155495576006,0.007967565739783591,4.171779806452811,1212.8630904005936,10.003155495576006,85.01775415571737,4.829540508509024e-08,5.0723291449271987e-08,25.28856248889071,0.0,435.199998702482,5.79999997988344,74.6000001307576,0.01910597274447031
1.03125,0.004171428090279158,0.002295089809735381,9.993541407596494,0.007966209614332472,4.171428090279158,1211.6366491963577,9.993541407596494,85.05496346240577,5.181451816854631e-06,7.957346657652757e-06,25.52447559663691,0.0,426.59999999999997,5.2,80.09999999999998,0.019154164490407112
1.0416666666666667,0.00417107779344206,0.0022928220215229175,9.891662246204206,0.007961025194416941,4.17107779344206,1210.0038920612428,9.891662246204206,85.54908543720948,7.283264840464464e-07,2.2653973635552473e-07,29.47620543996167,0.0,440.099999134988,5.3,80.99999997988341,0.01917517910116553
1.0520833333333333,0.00417072822183653,0.002290601448470877,9.931881897862851,0.007954789959865299,4.17072822183653,1209.003789126541,9.931881897862851,85.2648522858094,1.0870944263549306e-06,1.7286129219408753e-06,31.961002774551694,0.0,449.899998642132,5.6,78.8999999798834,0.019057824366450937
1.0625,0.004170376302916793,0.002288414707071461,10.083665718797228,0.00795669464256397,4.170376302916793,1208.4972327464634,10.083665718797228,84.47088459820839,3.248625328539025e-07,3.628613514212808e-08,28.909181865683692,0.0,446.8000000000001,5.8,77.6,0.01889063585997869
1.0729166666666667,0.0041700216521849505,0.002286222321906256,10.15984724463695,0.007966544618489611,4.170021652184951,1207.6641869054522,10.15984724463695,84.16952648052805,4.312082315822048e-07,1.2006297575175323e-06,23.078571173533543,0.0,442.59999962784303,5.90000001005828,76.70000010058278,0.01885568403552953
1.0833333333333333,0.004169667132970114,0.002284019355642435,10.080165290189628,0.007974450102551682,4.1696671329701145,1206.1611687586446,10.080165290189628,84.6781059399065,9.232385266937137e-06,3.288390044405023e-06,20.15458440649986,0.0,435.20000049285596,6.0,76.29999997988338,0.01897218632965826
1.09375,0.004169315225920271,0.002281796218773943,9.950370330762098,0.007973373821381085,4.169315225920271,1204.4349533308837,9.950370330762098,85.36416612107645,1.5975851090717537e-06,2.244063071450746e-06,21.96493903802312,0.0,446.19999999999993,6.0,76.1,0.0191765268701655
1.1041666666666667,0.004168965611364835,0.002279609146385592,9.89191234915114,0.00796567146638327,4.168965611364835,1203.0320500018424,9.89191234915114,85.59765961376922,1.3905731919780246e-07,1.6927871243280343e-07,25.907575149282476,0.0,447.399998772889,6.1,74.90000003017491,0.01929288991942893
1.1145833333333333,0.004168615762066176,0.002277429391296668,9.968041462997144,0.007959947291848537,4.168615762066176,1202.2049818257444,9.968041462997144,85.12523828994857,3.178242115444172e-05,3.3966532835968605e-05,27.074419270856826,0.0,439.499999497086,6.2,74.1999999899417,0.019239994342777213
1.125,0.004168263638775643,0.0022752251050386315,10.080147070542626,0.00796200862373963,4.168263638775643,1201.5169611274048,10.080147070542626,84.54609121695563,2.663534413787933e-06,1.2610147049963897e-06,24.150849055753255,0.0,446.79999999999995,6.3,73.69999999999999,0.019231037427027284
1.1354166666666667,0.004167909839290944,0.002273051639371197,10.110082823881159,0.007968847508297787,4.167909839290944,1200.4960539408605,10.110082823881159,84.45885033449566,1.8433944136832074e-07,9.381653857832987e-08,20.13543314265382,0.0,432.6999996379021,6.4,72.2999999899417,0.019310531365213636
1.1458333333333333,0.0041675565779123284,0.0022708363220673524,10.041652857031464,0.007972953501482164,4.167556577912328,1199.0363166951693,10.041652857031464,84.86848522048201,7.088489121359745e-07,6.465358628474458e-07,18.616114448975324,0.0,442.599999436736,6.39999998994172,71.50000004023309,0.019625093934558784
1.15625,0.004167205396596989,0.0022686549049654448,9.943014281489683,0.007970153386462531,4.167205396596989,1197.4672595614927,9.943014281489683,85.36939559247338,7.0987585639177e-08,-9.996223685738677e-09,20.694742332443152,0.0,430.90000000000003,6.2,72.3,0.019885744059557155
1.1666666666666667,0.004166856138894518,0.00226644032796148,9.884410632415124,0.007962066883155232,4.166856138894518,1196.0506882125353,9.884410632415124,85.59954840578544,2.1192740297230103e-06,2.0591046338185655e-06,24.91108368025785,0.0,434.5000003822149,6.10000001005828,72.79999995976686,0.02013764894944336
1.1770833333333333,0.004166506973778892,0.0022642410136415178,9.934475150330671,0.0079550792304177,4.166506973778892,1195.1014194313748,9.934475150330671,85.25396746943441,1.2131287786594044e-07,6.76049123428418e-08,27.30118211414081,0.0,447.400000191107,6.00000001005828,73.0999999899417,0.019935534334806732
1.1875,0.0041661561176857325,0.002262087524211837,10.02496905221053,0.007954330801136016,4.166156117685732,1194.346450343436,10.02496905221053,84.75958019660058,1.0898582458814161e-06,1.7454432790250495e-06,26.390469646721197,0.0,441.3,6.2,72.60000000000001,
1.1979166666666667,0.004165803167705176,0.0022599179292821093,10.108808396360539,0.007960141685685932,4.165803167705176,1193.5542083893795,10.108808396360539,84.37337177465926,1.0898582458814161e-06,1.7454432790250495e-06,26.390469646721197,0.0,450.499998772889,6.19999998994172,72.79999993965029,0.01856634661260491
1.2083333333333333,0.004165448368666541,0.0022577817949701495,10.178627126452911,0.007970773458918876,4.165448368666541,1192.7199431179383,10.178627126452911,84.11442435297832,5.3055334990637646e-06,3.70986232542835e-06,19.874930976521835,0.0,443.799998823181,6.10000001005828,72.09999996982509,0.017854265412174553
1.21875,0.004165094503788393,0.002255628413053757,10.04142262528317,0.007976791222805524,4.165094503788393,1191.005339814251,10.04142262528317,84.91057144473282,2.8363589093968294e-06,4.101383727227382e-06,18.364224561788884,0.0,443.79999999999995,6.0,71.5,0.017309190047367955
1.2291666666666667,0.004164744457428679,0.0022534767055530994,9.869023752012469,0.007970345946271811,4.164744457428679,1189.144847774062,9.869023752012469,85.77203336865365,5.246834101421719e-08,1.5817722047486486e-07,23.141737882582298,0.0,448.69999956749393,6.0,71.1,0.016417593381260726
1.2395833333333333,0.0041643966206160385,0.002251343637056745,9.85643180338633,0.007958368113177784,4.1643966206160385,1187.9663847564277,9.85643180338633,85.71141513562746,5.9554384986102994e-08,3.0667585327067397e-08,28.378576695551605,0.0,455.3999988935891,5.90000001005828,71.09999990947549,0.015637182333790883
1.25,0.004164047511348757,0.0022492363793223404,9.972790691205327,0.007952149889797052,4.164047511348757,1187.3424267063483,9.972790691205327,85.01631630476524,2.872360262972133e-07,1.4009561734772759e-08,29.371074677931293,0.0,437.7000000000001,5.8,70.80000000000001,0.01486320450649025
1.2604166666666667,0.004163695717505749,0.0022470783799815545,10.080176872282161,0.007954944796463144,4.163695717505749,1186.6531644001748,10.080176872282161,84.47092359646564,5.7334596589406176e-08,3.777015013777945e-08,26.446520300659095,0.0,445.599999507144,5.60000002011657,71.2999999899417,0.014044618221607356
1.2708333333333333,0.004163342987574158,0.002244950289159927,10.055981476132219,0.007960070196744096,4.1633429875741585,1185.4280712707805,10.055981476132219,84.6546624637355,3.372448599676633e-08,1.277654637638912e-07,24.40452666542201,0.0,443.80000128745996,5.59999998994172,71.09999996982509,
1.28125,0.004162991530609536,0.0022428193991091655,9.979850932714337,0.0079606232664314,4.162991530609536,1183.9845112150751,9.979850932714337,85.06892005288817,3.372448599676633e-08,1.277654637638912e-07,24.40452666542201,0.0,433.9,5.6,70.3,0.01155633297986919
1.2916666666666667,0.00416264179396778,0.0022406599093594604,9.916451842032474,0.007955916969226701,4.16264179396778,1182.5796511530784,9.916451842032474,85.36020911393325,5.99825701405875e-08,6.555328016182542e-08,27.45205741475816,0.0,443.1999991249289,5.7,70.5999999195337,0.009986526742740606
1.3020833333333333,0.004162292238831537,0.002238532848036201,9.96392651609413,0.007951628292161693,4.162292238831537,1181.6551756084173,9.96392651609413,85.05840355540629,1.0808073948752783e-06,3.8481344678898744e-07,28.767905245169054,0.0,440.700000432506,5.70000001005828,70.7999999396503,0.0086461937328884
1.3125,0.0041619412082546945,0.0022364021632716538,10.039535907358417,0.007952559626017213,4.161941208254694,1180.8457268148386,10.039535907358417,84.66272737492369,6.971124694137026e-08,2.8682145595460947e-08,27.325781064886197,0.0,441.3,5.6,70.2,0.00723988425034448
1.3229166666666667,0.004161589230568288,0.0022342776935881195,10.046241955227263,0.007956121301891026,4.161589230568288,1179.7519190702205,10.046241955227263,84.66475715862828,1.4587463999693974e-07,1.0026892221506023e-07,25.639050963848703,0.0,441.29999864213187,5.69999998994172,69.30000001005828,0.0056029468643363075
1.3333333333333333,0.004161237504065301,0.0022321561001709114,10.022307910373252,0.007958416181326648,4.1612375040653005,1178.5320562700858,10.022307910373252,84.8173780505161,4.077061966938994e-06,7.596541842567437e-07,24.825388625097727,0.0,438.899998883531,5.60000001005828,69.69999997988339,
1.34375,0.00416088682897228,0.002230031092214438,9.963346518591955,0.007957251046276764,4.16088682897228,1177.164938980386,9.963346518591955,85.12167201006697,4.077061966938994e-06,7.596541842567437e-07,24.825388625097727,0.0,448.6999999999999,5.7,69.3,0.0012558340788370338
1.3541666666666667,0.004160537281980193,0.002227939586388834,9.930968534815717,0.00795296995592193,4.160537281980194,1175.9263982102336,9.930968534815717,85.25026932530952,-9.998741144751468e-09,2.359721356386173e-07,27.343421050901746,4.00000120699413,443.80000079460495,5.70000001005828,68.79999998994168,-0.0007412341410840824
1.3645833333333333,0.004161555494500132,0.002225222547478136,9.99496931064416,0.007950619967350652,4.161555494500131,1174.7578576418182,9.99496931064416,84.8808504947852,0.0003044070372855853,9.481149285769362e-08,27.526928831858026,4.00000040233127,443.1999986421319,5.39999998994172,72.3000000804662,-0.0026440299208497138
1.375,0.0041625730851366895,0.0022225766791652258,10.003128455913233,0.007951370118956885,4.16257308513669,1173.3948407355208,10.003128455913233,84.84508413013728,1.968178973992047e-05,1.364759713956589e-08,27.412815584177974,9.0,433.9,5.1,75.1,-0.004270627912565294
1.3854166666666667,0.00416528103891443,0.0022190875129198483,9.984040227781575,0.007951695800888777,4.165281038914429,1171.4737802113518,9.984040227781575,84.95101464428397,0.12001640699693815,1.2554608474582634e-08,27.99497088802939,6.00000010058284,446.199998762831,4.70000001005828,77.50000001005829,-0.005588573435154163
1.3958333333333333,0.004166979953084292,0.0022424162279815556,9.900762212674168,0.007948128317094065,4.166979953084293,1183.4410055993937,9.900762212674168,85.3613325839276,0.23999297888279283,2.9533652599978222e-08,31.61480223026579,12.0,430.90000135786806,4.69999998994172,79.00000004023312,-0.006918198345976775
1.40625,0.004170696837028804,0.0022910686205478443,9.963546869777497,0.007944788887875141,4.170696837028804,1209.385631836244,9.963546869777497,84.98728290766692,0.35999196683212675,2.4317120303439525e-08,32.944480619226574,7.0,446.79999999999995,4.7,79.8,-0.008470356223993829
1.4166666666666667,0.004172736087009672,0.0023667625877198464,10.024870087166144,0.007946573725366644,4.172736087009672,1249.612792297251,10.024870087166144,84.67745218263906,0.4799886613707619,1.0952238888392138e-08,32.037313328438664,30.9999990947544,446.199999637902,4.7,78.99999996982508,-0.009943870914791144
1.4270833333333333,0.0041826744464796405,0.002465110549558614,10.182660332397845,0.007956324515619876,4.18267444647964,1302.264184604659,10.182660332397845,83.9405737430086,0.5190594042446174,5.6758595501498e-07,25.37459354908898,53.9999983906749,454.19999925568686,5.2,75.89999994970857,
1.4375,0.00419986609903162,0.002568639445302052,10.341129263387627,0.007976426786437637,4.1998660990316194,1357.715194457045,10.341129263387627,83.31563200890811,0.5190594042446174,5.6758595501498e-07,25.37459354908898,59.0,436.99999999999994,5.3,76.4,-0.012564215502340895
1.4479166666666667,0.004218714551771272,0.002671200788514596,10.517235390505366,0.00800643640202028,4.218714551771272,1412.8035165283452,10.517235390505366,82.70648127552434,0.4348019565283716,6.356279677446141e-08,10.374600149056178,58.9999996982515,447.400000251457,5.40000001005828,73.9999999798834,-0.013241456891004477
1.4583333333333333,0.004237677116897401,0.0027550946205698824,10.269388590554039,0.008028271442255982,4.237677116897401,1455.9019659916257,10.269388590554039,84.2373743978535,0.31480481289203116,3.938362974846225e-07,0.827534197629143,59.9999991953375,433.90000204183093,5.40000001005828,74.3000000100583,-0.013407180957345645
1.46875,0.0042570189094448315,0.0028123184980044296,9.806739278949538,0.008019716959228002,4.257018909444832,1483.715393348689,9.806739278949538,86.64428228671774,0.19531693220426802,5.421578772719205e-07,7.877031256279101,85.0,452.30000000000007,5.6,73.69999999999999,-0.013209196718803627
1.4791666666666667,0.004283968080773199,0.0028398899923693472,9.785243647165169,0.007995312554981846,4.283968080773199,1498.1476680461253,9.785243647165169,86.49828175412271,0.07594507299301553,2.0962384948855741e-07,15.710561471182931,60.9999990947544,440.1000006135549,5.79999997988343,73.2000000100583,-0.012685155624951379
1.4895833333333333,0.004303813009298981,0.002844377211183362,9.883953578448958,0.007977671337383734,4.303813009298981,1501.0383398581746,9.883953578448958,85.76979123039405,-9.87635162758363e-09,1.8666407618377435e-07,19.943543199044733,45.0000005029141,436.400000432506,6.10000001005828,69.70000004023309,-0.012479365821174978
1.5,0.004318672169401602,0.002834420249570749,10.044644886538356,0.007972300765144626,4.318672169401602,1496.6330643133656,10.044644886538356,84.84549289283768,9.933116612855615e-06,9.513378609384585e-07,18.315161255076195,46.0,446.2,6.2,69.6,-0.012009922613196108
1.5104166666666667,0.004333905246670453,0.002824344467136748,10.156027395106504,0.007978000331228832,4.333905246670453,1491.899385002579,10.156027395106504,84.31089083179829,-9.962812575359942e-09,2.3628437268171776e-06,12.6240876387947,79.9999985918402,439.50000116676097,6.4,68.1000000603497,-0.011178256860444017
1.5208333333333333,0.004359870921167951,0.00280945230478258,10.312630650842756,0.007993209174587547,4.359870921167951,1484.8532494985427,10.312630650842756,83.641073983723,1.6389899403128421e-06,8.31227114050537e-08,1.22047129923423,90.0000012069938,443.20000030174793,6.30000002011656,69.6999998692423,-0.00999746200370996
1.53125,0.00438898586022615,0.002793187357152233,10.168521335553686,0.008006135025832587,4.38898586022615,1475.5063776615416,10.168521335553686,84.54150554079355,2.572986959111108e-06,2.3997035565574153e-07,3.3160059933746945e-05,112.0,440.69999999999993,6.5,68.29999999999998,-0.008416287821180892
1.5416666666666667,0.004424709305878447,0.0027739799221049967,10.169125888997595,0.008011875304627606,4.424709305878447,1465.36314146932,10.169125888997595,84.59889175637194,1.839272590324591e-05,2.126947580872671e-06,7.60263790067049e-05,80.0000006034971,446.200000311807,6.6,68.7999999195337,-0.0069986578007477235
1.5520833333333333,0.004451085979903551,0.0027590107982137244,10.01089711804651,0.008010393113676467,4.451085979903551,1456.6416938026032,10.01089711804651,85.432923447865,-9.989972389579625e-09,1.2249273712064365e-07,1.6944725962958333e-05,84.9999969825155,427.800000191107,6.6,68.900000070408,-0.00550526319193642
1.5625,0.004479094834828498,0.0027432738852622893,9.906542898892011,0.007999065088262335,4.479094834828499,1447.7995064172471,9.906542898892011,85.87696953197856,-9.997455645971562e-09,7.320449066357152e-08,3.4089876991960595,110.0,438.30000000000007,6.7,69.60000000000001,-0.00388978416247481
1.5729166666666667,0.0045147329537891055,0.0027241777231673966,10.066895633907176,0.00799240058752772,4.514732953789106,1438.5357265076705,10.066895633907176,84.9398972112964,6.4403909144853245e-06,8.51216554905995e-08,0.9688839284232118,204.999994970858,446.80000006035,6.89999998994172,69.5999999195337,-0.001688651701102629
1.5833333333333333,0.004576523446287394,0.002693424338568999,10.68786909669267,0.008019226719697287,4.5765234462873945,1425.4145081282281,10.68786909669267,81.9542294064283,1.64662334582327e-05,5.8988447818849655e-06,4.339177264843725e-05,226.999994970859,446.1999985214329,6.99999998994172,68.80000006034969,0.0007426368915501992
1.59375,0.004645133129928107,0.0026596641450026687,11.315783808267737,0.008093989315584018,4.645133129928108,1410.661752548936,11.315783808267737,79.52516922061625,1.421917439706189e-05,2.089955483019297e-06,3.5027289901740826e-05,180.0,444.4,7.0,69.2,0.002951750090948978
1.6041666666666667,0.004702645196889517,0.0026309264282962526,11.580989976008489,0.008195233825873796,4.702645196889517,1396.7204714512538,11.580989976008489,79.19702997929434,9.648947129922112e-07,5.509359339013099e-07,4.056379493776095e-06,147.000005029142,435.200000432506,7.2,67.90000004023311,0.004985938259888232
1.6145833333333333,0.004751425631960942,0.002606115357963908,11.654351651984959,0.008295465122256195,4.751425631960942,1383.905110939918,11.654351651984959,79.79964067619716,7.064448032884805e-08,6.985215364800936e-08,4.1168196988999355e-07,107.00000251457,449.2999995071439,7.2,68.99999992959201,0.0067370366573800316
1.625,0.004788378835766882,0.002586687858815209,11.496124437715961,0.008375801829811265,4.788378835766882,1372.825560363415,11.496124437715961,81.37189504591983,9.578977865400174e-08,-9.980222239158428e-09,5.477534418537407e-07,60.0,427.19999999999993,7.1,68.5,0.008164857871955748
1.6354166666666667,0.004809947772104953,0.0025741151565093143,11.089933148157268,0.008417461205187049,4.8099477721049535,1364.203379224245,11.089933148157268,83.88075852115111,1.4640014283383418e-06,1.7765470358756274e-07,8.438625740043727e-06,59.9999995976686,438.900000432506,6.9,69.59999996982512,0.009593636907145599
1.6458333333333333,0.004831559310023131,0.002561582101432996,10.718223794591973,0.008418368601266282,4.831559310023131,1355.7859132930184,10.718223794591973,85.86936889840602,2.9052424172358214e-06,6.414390907451112e-07,2.285705465253471e-05,67.9999978877608,440.1000001206991,6.9,68.9999999899417,0.011064831441898756
1.65625,0.004855951535191006,0.0025478278903237656,10.452540495961113,0.008391773129060984,4.855951535191006,1347.244009521822,10.452540495961113,87.04084396600203,5.500191461757823e-06,2.4635776120654707e-06,3.0372758533599078e-05,74.0,443.80000000000007,7.0,68.8,0.012602002716978257
1.6666666666666667,0.004882430359833638,0.0025331726001594163,10.280909162421015,0.008351044214733518,4.882430359833638,1338.683925755754,10.280909162421015,87.56044900663692,3.3608503194972636e-06,1.2787729401188023e-06,2.1120784778575364e-05,126.999994970858,436.40000197142393,7.09999997988343,69.6000000100583,0.014517602602163336
1.6770833333333333,0.004925888157050563,0.002510911315021971,10.445302684853075,0.008317631001750467,4.925888157050563,1327.6893262148471,10.445302684853075,86.31116623672719,3.368656722989858e-06,2.104409225502828e-06,4.1478740481102824e-05,71.9999995976687,446.199998823181,6.90000001005828,69.2000000100583,0.016026689880278406
1.6875,0.004951984494071114,0.0024964958442025755,10.24719287851433,0.008287095409331388,4.951984494071114,1319.1447350740755,10.24719287851433,87.07494193050888,1.7171167670869128e-07,2.169270503878158e-07,5.4135576432042475e-06,43.0,451.69999999999993,7.0,69.6,0.017310436027517535
1.6979166666666667,0.00496796408199667,0.002486653005388374,9.939928445488988,0.00823979085639149,4.96796408199667,1312.5191915562618,9.939928445488988,88.27474646598895,9.03433645448856e-07,2.5767392420543e-07,2.1911999295306153,58.0000002011657,434.5000012975191,6.9,67.900000070408,0.018722088905964974
1.7083333333333333,0.004989314286082213,0.0024743668878883756,9.809642108052037,0.008181987759216348,4.989314286082213,1305.4331883329085,9.809642108052037,88.38119480584791,4.106960840684175e-06,3.3081526100603204e-06,9.134861673633575,60.9999976865952,443.199998762831,6.89999998994172,67.80000004023309,0.02008252360072522
1.71875,0.005011784206221808,0.002461626395535606,9.907953364748943,0.008133024372493287,5.011784206221808,1299.1627480746822,9.907953364748943,87.30734853185807,-6.57469924342783e-09,1.0061154614337525e-07,12.4923717630313,20.0,446.2,6.4,70.40000000000002,0.020944662687325085
1.7291666666666667,0.005019275393158394,0.0024556292598030996,9.773451149050361,0.008090171962174585,5.019275393158394,1295.381837271172,9.773451149050361,87.58992336000362,7.157364421504081e-07,7.485997093195309e-07,20.75605984593084,20.9999998994172,443.2000009756539,6.3,70.69999995976688,0.0216622358349721
1.7395833333333333,0.005027161531816122,0.0024494560216179527,9.87675119901689,0.008053838990780068,5.027161531816122,1292.597136526064,9.87675119901689,86.62816093891026,2.287596277092711e-10,8.416622900073625e-08,25.251719701077704,1.99999979883437,454.7999999999999,6.0,69.79999993965029,0.02196827912796902
1.75,0.005027551392734117,0.0024466893730725682,9.931678274928686,0.008030009059116897,5.027551392734117,1291.3877257357628,9.931678274928686,86.07221037392624,1.4387451499381132e-06,-3.0598423840454115e-10,27.743862124223526,0.0,457.19999999999993,5.9,70.60000000000001,0.02208390554126813
1.7604166666666667,0.0050271281736091605,0.0024442999677652807,10.018052824499698,0.008016380496097202,5.02712817360916,1290.5202195909028,10.018052824499698,85.45811783600163,5.061816699059913e-08,4.609060133544407e-08,27.085363681249564,0.0,469.399998340383,5.79999998994172,71.9000000100583,0.02217567920117466
1.7708333333333333,0.0050267031971972876,0.002441954063989491,10.055206835512164,0.008010317648676615,5.026703197197287,1289.4508142451932,10.055206835512164,85.19320977026763,5.0285992534733516e-08,4.275679221624921e-08,25.071623918779373,0.0,449.899999507144,5.89999998994172,71.100000070408,0.022315334602566097
1.78125,0.005026277840612414,0.0024395500058203515,10.047663910106275,0.008006402296021268,5.026277840612414,1288.147064405611,10.047663910106275,85.19216489097914,4.829541111715394e-08,4.8667896149665517e-08,23.3330222448952,0.0,457.20000000000005,5.8,71.80000000000001,0.022537541777039607
1.7916666666666667,0.005025853699153665,0.0024371729539488214,9.976995357485201,0.00799966090586145,5.025853699153665,1286.570789695524,9.976995357485201,85.501520978327,9.091792300831549e-08,4.268306910166293e-08,24.17214828499778,0.0,454.80000109635296,5.6,70.7000000603497,0.022762551945342643
1.8020833333333333,0.005025431645017769,0.002434792330227257,9.907703156791753,0.007987873791750283,5.025431645017768,1284.999504545185,9.907703156791753,85.7505263665091,4.8295443799137584e-08,4.514876567584781e-08,27.538798103418664,0.0,440.10000190101505,5.49999998994172,71.6000000603497,0.022927617555468904
1.8125,0.005025010339322069,0.0024323692506695665,9.92557252376518,0.00797617411199466,5.025010339322068,1283.8017276268479,9.92557252376518,85.52818974593991,4.829537577297941e-08,4.4314022669217567e-08,30.25363937431511,0.0,452.9,5.6,71.49999999999999,0.02298835996664291
1.8229166666666667,0.005024587215830832,0.0024299909847063264,10.031604273448767,0.00797202174140683,5.024587215830832,1283.0268855887164,10.031604273448767,84.91247410176757,1.1234905732512951e-07,4.7760209066549436e-08,29.10083700472957,0.0,443.20000134781,5.4,73.89999985918402,0.023021937649633468
1.8333333333333333,0.005024162266207521,0.002427587767501168,10.054853629091799,0.007974040944751033,5.0241622662075205,1281.8632281586129,10.054853629091799,84.80928407042053,9.89368520303588e-10,5.499324267015145e-08,27.099980534215113,0.0,464.499998833239,5.3,74.10000002011661,0.023136048985743955
1.84375,0.005023737812512322,0.0024252562473904,10.00263817588435,0.007974246875093767,5.023737812512322,1280.3959779425395,10.00263817588435,85.09182779292819,3.134935916033151e-08,5.219463165910239e-08,27.003751327049507,0.0,459.0,5.2,74.6,0.023362891073739754
1.8541666666666667,0.005023315088321002,0.002422910891431073,9.939793496401668,0.007969470990132154,5.023315088321002,1278.8738603978106,9.939793496401668,85.37947723678451,4.6557440407134015e-06,3.095485676035559e-06,29.200184915742344,0.0,452.299999507144,5.3,74.19999996982511,0.023619112878627415
1.8645833333333333,0.005022892920801762,0.002420547372369891,9.96439648020998,0.007964111659370127,5.0228929208017625,1277.7373719772697,9.96439648020998,85.18940610052601,4.8295409439506e-08,4.181355536635546e-08,30.49885327956439,0.0,457.7999996379019,5.2,73.900000070408,0.023810068698613285
1.875,0.0050224698451753645,0.0024182061237431394,10.003765445496892,0.007962353244280152,5.022469845175364,1276.6790002709997,10.003765445496892,84.95885836930402,6.755142613333901e-07,5.253895370207317e-07,30.361531019811068,0.0,460.29999999999995,5.2,74.69999999999999,0.023928014103382862
1.8854166666666667,0.005022045806045649,0.0024158770572942547,10.032785886501957,0.007963872897354007,5.022045806045649,1275.580102945065,10.032785886501957,84.81934378014122,4.8295409355668544e-08,4.04103903733657e-08,29.16562166713802,0.0,452.3000011064109,5.30000001005828,73.99999996982511,0.024095117156077143
1.8958333333333333,0.005021621266288506,0.0024135261996823696,10.040890532844237,0.00796664668071529,5.0216212662885065,1274.375324404522,10.040890532844237,84.80543744662275,4.8295541372252545e-08,4.133355849310193e-08,27.674087760952077,0.0,457.19999993965,5.2,72.9999999798834,0.0243413262792119
1.90625,0.005021197417207845,0.0024111949454822504,9.990026153679302,0.007966809580964813,5.021197417207845,1272.915718290728,9.990026153679302,85.08027557176197,3.547048255613642e-06,2.107305791318894e-06,28.038080744344846,0.0,450.4999999999999,5.2,72.9,0.0245859920543419
1.9166666666666667,0.005020774816676168,0.0024088457992359567,9.957646457329357,0.007963424079614234,5.020774816676168,1271.5301313300986,9.957646457329357,85.21841983540635,1.609991946058785e-07,1.4150215557113708e-07,29.582975403655738,0.0,455.399999879301,5.30000001005828,71.5000000905246,0.024793321278068946
1.9270833333333333,0.005020352226841491,0.0024065154478467893,9.989758567776393,0.007960676937211766,5.020352226841491,1270.4441217421524,9.989758567776393,85.01622123719648,8.250096854789269e-07,4.4915247206574865e-07,29.956588440305026,0.0,451.69999920539595,5.29999998994172,72.20000003017479,0.02495745120248051
1.9375,0.0050199286573034485,0.0024041776871946857,10.026743078310307,0.007961433874590853,5.019928657303448,1269.3757623235717,10.026743078310307,84.8257572700371,3.849615131788873e-06,6.022952548902444e-07,28.981169108517552,0.0,452.29999999999995,5.2,72.9,0.0250975839646434
1.9479166666666667,0.005019504788724629,0.002401846934228637,10.014078216017381,0.007962994249063916,5.019504788724629,1268.088437078276,10.014078216017381,84.91032666657132,6.463028667791078e-07,2.93943378250124e-05,28.46820538136085,0.0,444.40000006035,5.1,74.09999992959199,0.02526583615478985
1.9583333333333333,0.005019081761087911,0.002399484649897139,9.972740226105481,0.007961962420486959,5.019081761087912,1266.65629518731,9.972740226105481,85.12149354795118,1.5073736764113107e-06,1.0187450714249698e-06,29.46241934380379,0.0,451.69999826997594,4.90000001005828,75.4000001005828,0.025481955758895142
1.96875,0.005018659968368195,0.0023971596775212074,9.932130232793996,0.007957659767073825,5.018659968368195,1265.247464868747,9.932130232793996,85.29427301490428,5.057380208034641e-06,1.9656133978262727e-06,31.93825309879923,0.0,438.30000000000007,5.0,76.6,0.025658318588788573
1.9791666666666667,0.005018238021614509,0.0023947960315511174,9.982909662523795,0.00795493342791051,5.0182380216145095,1264.2266433155153,9.982909662523795,84.99167858203819,5.937074243081817e-06,1.5597010463969216e-06,32.56198466556388,0.0,438.90000165961703,5.0,76.4000000603497,0.025745492500836277
1.9895833333333333,0.005017814492500647,0.002392439217793035,10.042296858511733,0.007957376307840281,5.017814492500647,1263.2473786102942,10.042296858511733,84.69922586516215,5.937993730237333e-07,4.719422191316717e-06,31.019279505772456,0.0,455.39999962784395,5.2,74.30000001005828,0.025824481525747556
2.0,0.005017389537588882,0.0023901360080924765,10.082905109466633,0.007963519923471612,5.017389537588882,1262.2122143761242,10.082905109466633,84.54740649404957,1.1513518808995816e-06,5.019694685706482e-07,27.995583200982125,0.0,438.30000000000007,5.0,75.4,0.0259606145447201
